Endpoint,Role,Owns a feature using it,HTTP,Rows returned,Verdict,Verified against
/api/v1/academics/classes,seller_admin,no,403,,as expected,https://temperp.187-127-178-100.sslip.io at 2026-08-17 14:26
/api/v1/academics/classes,super_admin,yes,200,4,as expected,https://temperp.187-127-178-100.sslip.io at 2026-08-17 14:26
/api/v1/academics/classes,institution_admin,yes,200,4,as expected,https://temperp.187-127-178-100.sslip.io at 2026-08-17 14:26
/api/v1/academics/classes,hod,no,200,4,reachable beyond its owners,https://temperp.187-127-178-100.sslip.io at 2026-08-17 14:26
/api/v1/academics/classes,faculty,no,200,4,reachable beyond its owners,https://temperp.187-127-178-100.sslip.io at 2026-08-17 14:26
/api/v1/academics/classes,finance,no,200,4,reachable beyond its owners,https://temperp.187-127-178-100.sslip.io at 2026-08-17 14:26
/api/v1/academics/classes,admissions,no,200,4,reachable beyond its owners,https://temperp.187-127-178-100.sslip.io at 2026-08-17 14:26
/api/v1/academics/classes,hr,no,200,4,reachable beyond its owners,https://temperp.187-127-178-100.sslip.io at 2026-08-17 14:26
/api/v1/academics/classes,operations,no,200,4,reachable beyond its owners,https://temperp.187-127-178-100.sslip.io at 2026-08-17 14:26
/api/v1/academics/classes,student,no,403,,as expected,https://temperp.187-127-178-100.sslip.io at 2026-08-17 14:26
/api/v1/academics/classes,parent,no,403,,as expected,https://temperp.187-127-178-100.sslip.io at 2026-08-17 14:26
/api/v1/academics/sections,seller_admin,no,403,,as expected,https://temperp.187-127-178-100.sslip.io at 2026-08-17 14:26
/api/v1/academics/sections,super_admin,yes,200,8,as expected,https://temperp.187-127-178-100.sslip.io at 2026-08-17 14:26
/api/v1/academics/sections,institution_admin,yes,200,8,as expected,https://temperp.187-127-178-100.sslip.io at 2026-08-17 14:26
/api/v1/academics/sections,hod,no,200,8,reachable beyond its owners,https://temperp.187-127-178-100.sslip.io at 2026-08-17 14:26
/api/v1/academics/sections,faculty,yes,200,8,as expected,https://temperp.187-127-178-100.sslip.io at 2026-08-17 14:26
/api/v1/academics/sections,finance,no,200,8,reachable beyond its owners,https://temperp.187-127-178-100.sslip.io at 2026-08-17 14:26
/api/v1/academics/sections,admissions,yes,200,8,as expected,https://temperp.187-127-178-100.sslip.io at 2026-08-17 14:26
/api/v1/academics/sections,hr,no,200,8,reachable beyond its owners,https://temperp.187-127-178-100.sslip.io at 2026-08-17 14:26
/api/v1/academics/sections,operations,no,200,8,reachable beyond its owners,https://temperp.187-127-178-100.sslip.io at 2026-08-17 14:26
/api/v1/academics/sections,student,no,403,,as expected,https://temperp.187-127-178-100.sslip.io at 2026-08-17 14:26
/api/v1/academics/sections,parent,no,403,,as expected,https://temperp.187-127-178-100.sslip.io at 2026-08-17 14:26
/api/v1/academics/subjects,seller_admin,no,403,,as expected,https://temperp.187-127-178-100.sslip.io at 2026-08-17 14:26
/api/v1/academics/subjects,super_admin,yes,200,5,as expected,https://temperp.187-127-178-100.sslip.io at 2026-08-17 14:26
/api/v1/academics/subjects,institution_admin,yes,200,5,as expected,https://temperp.187-127-178-100.sslip.io at 2026-08-17 14:26
/api/v1/academics/subjects,hod,no,200,5,reachable beyond its owners,https://temperp.187-127-178-100.sslip.io at 2026-08-17 14:26
/api/v1/academics/subjects,faculty,no,200,5,reachable beyond its owners,https://temperp.187-127-178-100.sslip.io at 2026-08-17 14:26
/api/v1/academics/subjects,finance,no,200,5,reachable beyond its owners,https://temperp.187-127-178-100.sslip.io at 2026-08-17 14:26
/api/v1/academics/subjects,admissions,no,200,5,reachable beyond its owners,https://temperp.187-127-178-100.sslip.io at 2026-08-17 14:26
/api/v1/academics/subjects,hr,no,200,5,reachable beyond its owners,https://temperp.187-127-178-100.sslip.io at 2026-08-17 14:26
/api/v1/academics/subjects,operations,no,200,5,reachable beyond its owners,https://temperp.187-127-178-100.sslip.io at 2026-08-17 14:26
/api/v1/academics/subjects,student,no,403,,as expected,https://temperp.187-127-178-100.sslip.io at 2026-08-17 14:26
/api/v1/academics/subjects,parent,no,403,,as expected,https://temperp.187-127-178-100.sslip.io at 2026-08-17 14:26
/api/v1/academics/years,seller_admin,no,403,,as expected,https://temperp.187-127-178-100.sslip.io at 2026-08-17 14:26
/api/v1/academics/years,super_admin,yes,200,1,as expected,https://temperp.187-127-178-100.sslip.io at 2026-08-17 14:26
/api/v1/academics/years,institution_admin,yes,200,1,as expected,https://temperp.187-127-178-100.sslip.io at 2026-08-17 14:26
/api/v1/academics/years,hod,no,200,1,reachable beyond its owners,https://temperp.187-127-178-100.sslip.io at 2026-08-17 14:26
/api/v1/academics/years,faculty,no,200,1,reachable beyond its owners,https://temperp.187-127-178-100.sslip.io at 2026-08-17 14:26
/api/v1/academics/years,finance,no,200,1,reachable beyond its owners,https://temperp.187-127-178-100.sslip.io at 2026-08-17 14:26
/api/v1/academics/years,admissions,no,200,1,reachable beyond its owners,https://temperp.187-127-178-100.sslip.io at 2026-08-17 14:26
/api/v1/academics/years,hr,no,200,1,reachable beyond its owners,https://temperp.187-127-178-100.sslip.io at 2026-08-17 14:26
/api/v1/academics/years,operations,no,200,1,reachable beyond its owners,https://temperp.187-127-178-100.sslip.io at 2026-08-17 14:26
/api/v1/academics/years,student,no,403,,as expected,https://temperp.187-127-178-100.sslip.io at 2026-08-17 14:26
/api/v1/academics/years,parent,no,403,,as expected,https://temperp.187-127-178-100.sslip.io at 2026-08-17 14:26
/api/v1/admin/assignable-roles,seller_admin,no,403,,as expected,https://temperp.187-127-178-100.sslip.io at 2026-08-17 14:26
/api/v1/admin/assignable-roles,super_admin,yes,200,21,as expected,https://temperp.187-127-178-100.sslip.io at 2026-08-17 14:26
/api/v1/admin/assignable-roles,institution_admin,no,200,20,reachable beyond its owners,https://temperp.187-127-178-100.sslip.io at 2026-08-17 14:26
/api/v1/admin/assignable-roles,hod,no,403,,as expected,https://temperp.187-127-178-100.sslip.io at 2026-08-17 14:26
/api/v1/admin/assignable-roles,faculty,no,403,,as expected,https://temperp.187-127-178-100.sslip.io at 2026-08-17 14:26
/api/v1/admin/assignable-roles,finance,no,403,,as expected,https://temperp.187-127-178-100.sslip.io at 2026-08-17 14:26
/api/v1/admin/assignable-roles,admissions,no,403,,as expected,https://temperp.187-127-178-100.sslip.io at 2026-08-17 14:26
/api/v1/admin/assignable-roles,hr,no,403,,as expected,https://temperp.187-127-178-100.sslip.io at 2026-08-17 14:26
/api/v1/admin/assignable-roles,operations,no,403,,as expected,https://temperp.187-127-178-100.sslip.io at 2026-08-17 14:26
/api/v1/admin/assignable-roles,student,no,403,,as expected,https://temperp.187-127-178-100.sslip.io at 2026-08-17 14:26
/api/v1/admin/assignable-roles,parent,no,403,,as expected,https://temperp.187-127-178-100.sslip.io at 2026-08-17 14:26
/api/v1/admin/audit,seller_admin,no,403,,as expected,https://temperp.187-127-178-100.sslip.io at 2026-08-17 14:26
/api/v1/admin/audit,super_admin,yes,200,100,as expected,https://temperp.187-127-178-100.sslip.io at 2026-08-17 14:26
/api/v1/admin/audit,institution_admin,no,200,100,reachable beyond its owners,https://temperp.187-127-178-100.sslip.io at 2026-08-17 14:26
/api/v1/admin/audit,hod,no,403,,as expected,https://temperp.187-127-178-100.sslip.io at 2026-08-17 14:26
/api/v1/admin/audit,faculty,no,403,,as expected,https://temperp.187-127-178-100.sslip.io at 2026-08-17 14:26
/api/v1/admin/audit,finance,no,403,,as expected,https://temperp.187-127-178-100.sslip.io at 2026-08-17 14:26
/api/v1/admin/audit,admissions,no,403,,as expected,https://temperp.187-127-178-100.sslip.io at 2026-08-17 14:26
/api/v1/admin/audit,hr,no,403,,as expected,https://temperp.187-127-178-100.sslip.io at 2026-08-17 14:26
/api/v1/admin/audit,operations,no,403,,as expected,https://temperp.187-127-178-100.sslip.io at 2026-08-17 14:26
/api/v1/admin/audit,student,no,403,,as expected,https://temperp.187-127-178-100.sslip.io at 2026-08-17 14:26
/api/v1/admin/audit,parent,no,403,,as expected,https://temperp.187-127-178-100.sslip.io at 2026-08-17 14:26
/api/v1/admin/audit/summary,seller_admin,no,403,,as expected,https://temperp.187-127-178-100.sslip.io at 2026-08-17 14:26
/api/v1/admin/audit/summary,super_admin,yes,200,13,as expected,https://temperp.187-127-178-100.sslip.io at 2026-08-17 14:26
/api/v1/admin/audit/summary,institution_admin,no,200,13,reachable beyond its owners,https://temperp.187-127-178-100.sslip.io at 2026-08-17 14:26
/api/v1/admin/audit/summary,hod,no,403,,as expected,https://temperp.187-127-178-100.sslip.io at 2026-08-17 14:26
/api/v1/admin/audit/summary,faculty,no,403,,as expected,https://temperp.187-127-178-100.sslip.io at 2026-08-17 14:26
/api/v1/admin/audit/summary,finance,no,403,,as expected,https://temperp.187-127-178-100.sslip.io at 2026-08-17 14:26
/api/v1/admin/audit/summary,admissions,no,403,,as expected,https://temperp.187-127-178-100.sslip.io at 2026-08-17 14:26
/api/v1/admin/audit/summary,hr,no,403,,as expected,https://temperp.187-127-178-100.sslip.io at 2026-08-17 14:26
/api/v1/admin/audit/summary,operations,no,403,,as expected,https://temperp.187-127-178-100.sslip.io at 2026-08-17 14:26
/api/v1/admin/audit/summary,student,no,403,,as expected,https://temperp.187-127-178-100.sslip.io at 2026-08-17 14:26
/api/v1/admin/audit/summary,parent,no,403,,as expected,https://temperp.187-127-178-100.sslip.io at 2026-08-17 14:26
/api/v1/admin/modules,seller_admin,no,200,0,reachable beyond its owners,https://temperp.187-127-178-100.sslip.io at 2026-08-17 14:26
/api/v1/admin/modules,super_admin,yes,200,0,as expected,https://temperp.187-127-178-100.sslip.io at 2026-08-17 14:26
/api/v1/admin/modules,institution_admin,no,200,0,reachable beyond its owners,https://temperp.187-127-178-100.sslip.io at 2026-08-17 14:26
/api/v1/admin/modules,hod,no,403,,as expected,https://temperp.187-127-178-100.sslip.io at 2026-08-17 14:26
/api/v1/admin/modules,faculty,no,403,,as expected,https://temperp.187-127-178-100.sslip.io at 2026-08-17 14:26
/api/v1/admin/modules,finance,no,403,,as expected,https://temperp.187-127-178-100.sslip.io at 2026-08-17 14:26
/api/v1/admin/modules,admissions,no,403,,as expected,https://temperp.187-127-178-100.sslip.io at 2026-08-17 14:26
/api/v1/admin/modules,hr,no,403,,as expected,https://temperp.187-127-178-100.sslip.io at 2026-08-17 14:26
/api/v1/admin/modules,operations,no,403,,as expected,https://temperp.187-127-178-100.sslip.io at 2026-08-17 14:26
/api/v1/admin/modules,student,no,403,,as expected,https://temperp.187-127-178-100.sslip.io at 2026-08-17 14:26
/api/v1/admin/modules,parent,no,403,,as expected,https://temperp.187-127-178-100.sslip.io at 2026-08-17 14:26
/api/v1/admin/role-presets,seller_admin,no,403,,as expected,https://temperp.187-127-178-100.sslip.io at 2026-08-17 14:26
/api/v1/admin/role-presets,super_admin,yes,200,9,as expected,https://temperp.187-127-178-100.sslip.io at 2026-08-17 14:26
/api/v1/admin/role-presets,institution_admin,no,200,9,reachable beyond its owners,https://temperp.187-127-178-100.sslip.io at 2026-08-17 14:26
/api/v1/admin/role-presets,hod,no,403,,as expected,https://temperp.187-127-178-100.sslip.io at 2026-08-17 14:26
/api/v1/admin/role-presets,faculty,no,403,,as expected,https://temperp.187-127-178-100.sslip.io at 2026-08-17 14:26
/api/v1/admin/role-presets,finance,no,403,,as expected,https://temperp.187-127-178-100.sslip.io at 2026-08-17 14:26
/api/v1/admin/role-presets,admissions,no,403,,as expected,https://temperp.187-127-178-100.sslip.io at 2026-08-17 14:26
/api/v1/admin/role-presets,hr,no,403,,as expected,https://temperp.187-127-178-100.sslip.io at 2026-08-17 14:26
/api/v1/admin/role-presets,operations,no,403,,as expected,https://temperp.187-127-178-100.sslip.io at 2026-08-17 14:26
/api/v1/admin/role-presets,student,no,403,,as expected,https://temperp.187-127-178-100.sslip.io at 2026-08-17 14:26
/api/v1/admin/role-presets,parent,no,403,,as expected,https://temperp.187-127-178-100.sslip.io at 2026-08-17 14:26
/api/v1/admin/roles,seller_admin,no,403,,as expected,https://temperp.187-127-178-100.sslip.io at 2026-08-17 14:26
/api/v1/admin/roles,super_admin,yes,200,23,as expected,https://temperp.187-127-178-100.sslip.io at 2026-08-17 14:26
/api/v1/admin/roles,institution_admin,no,200,23,reachable beyond its owners,https://temperp.187-127-178-100.sslip.io at 2026-08-17 14:26
/api/v1/admin/roles,hod,no,403,,as expected,https://temperp.187-127-178-100.sslip.io at 2026-08-17 14:26
/api/v1/admin/roles,faculty,no,403,,as expected,https://temperp.187-127-178-100.sslip.io at 2026-08-17 14:26
/api/v1/admin/roles,finance,no,403,,as expected,https://temperp.187-127-178-100.sslip.io at 2026-08-17 14:26
/api/v1/admin/roles,admissions,no,403,,as expected,https://temperp.187-127-178-100.sslip.io at 2026-08-17 14:26
/api/v1/admin/roles,hr,no,403,,as expected,https://temperp.187-127-178-100.sslip.io at 2026-08-17 14:26
/api/v1/admin/roles,operations,no,403,,as expected,https://temperp.187-127-178-100.sslip.io at 2026-08-17 14:26
/api/v1/admin/roles,student,no,403,,as expected,https://temperp.187-127-178-100.sslip.io at 2026-08-17 14:26
/api/v1/admin/roles,parent,no,403,,as expected,https://temperp.187-127-178-100.sslip.io at 2026-08-17 14:26
/api/v1/admin/sessions,seller_admin,no,403,,as expected,https://temperp.187-127-178-100.sslip.io at 2026-08-17 14:26
/api/v1/admin/sessions,super_admin,yes,200,200,as expected,https://temperp.187-127-178-100.sslip.io at 2026-08-17 14:26
/api/v1/admin/sessions,institution_admin,no,200,200,reachable beyond its owners,https://temperp.187-127-178-100.sslip.io at 2026-08-17 14:26
/api/v1/admin/sessions,hod,no,403,,as expected,https://temperp.187-127-178-100.sslip.io at 2026-08-17 14:26
/api/v1/admin/sessions,faculty,no,403,,as expected,https://temperp.187-127-178-100.sslip.io at 2026-08-17 14:26
/api/v1/admin/sessions,finance,no,403,,as expected,https://temperp.187-127-178-100.sslip.io at 2026-08-17 14:26
/api/v1/admin/sessions,admissions,no,403,,as expected,https://temperp.187-127-178-100.sslip.io at 2026-08-17 14:26
/api/v1/admin/sessions,hr,no,403,,as expected,https://temperp.187-127-178-100.sslip.io at 2026-08-17 14:26
/api/v1/admin/sessions,operations,no,403,,as expected,https://temperp.187-127-178-100.sslip.io at 2026-08-17 14:26
/api/v1/admin/sessions,student,no,403,,as expected,https://temperp.187-127-178-100.sslip.io at 2026-08-17 14:26
/api/v1/admin/sessions,parent,no,403,,as expected,https://temperp.187-127-178-100.sslip.io at 2026-08-17 14:26
/api/v1/admin/users,seller_admin,no,403,,as expected,https://temperp.187-127-178-100.sslip.io at 2026-08-17 14:26
/api/v1/admin/users,super_admin,yes,200,13,as expected,https://temperp.187-127-178-100.sslip.io at 2026-08-17 14:26
/api/v1/admin/users,institution_admin,no,200,10,reachable beyond its owners,https://temperp.187-127-178-100.sslip.io at 2026-08-17 14:26
/api/v1/admin/users,hod,no,403,,as expected,https://temperp.187-127-178-100.sslip.io at 2026-08-17 14:26
/api/v1/admin/users,faculty,no,403,,as expected,https://temperp.187-127-178-100.sslip.io at 2026-08-17 14:26
/api/v1/admin/users,finance,no,403,,as expected,https://temperp.187-127-178-100.sslip.io at 2026-08-17 14:26
/api/v1/admin/users,admissions,no,403,,as expected,https://temperp.187-127-178-100.sslip.io at 2026-08-17 14:26
/api/v1/admin/users,hr,no,403,,as expected,https://temperp.187-127-178-100.sslip.io at 2026-08-17 14:26
/api/v1/admin/users,operations,no,403,,as expected,https://temperp.187-127-178-100.sslip.io at 2026-08-17 14:26
/api/v1/admin/users,student,no,403,,as expected,https://temperp.187-127-178-100.sslip.io at 2026-08-17 14:26
/api/v1/admin/users,parent,no,403,,as expected,https://temperp.187-127-178-100.sslip.io at 2026-08-17 14:26
/api/v1/admissions/dashboard,seller_admin,no,403,,as expected,https://temperp.187-127-178-100.sslip.io at 2026-08-17 14:26
/api/v1/admissions/dashboard,super_admin,no,200,,reachable beyond its owners,https://temperp.187-127-178-100.sslip.io at 2026-08-17 14:26
/api/v1/admissions/dashboard,institution_admin,no,200,,reachable beyond its owners,https://temperp.187-127-178-100.sslip.io at 2026-08-17 14:26
/api/v1/admissions/dashboard,hod,no,403,,as expected,https://temperp.187-127-178-100.sslip.io at 2026-08-17 14:26
/api/v1/admissions/dashboard,faculty,no,403,,as expected,https://temperp.187-127-178-100.sslip.io at 2026-08-17 14:26
/api/v1/admissions/dashboard,finance,no,403,,as expected,https://temperp.187-127-178-100.sslip.io at 2026-08-17 14:26
/api/v1/admissions/dashboard,admissions,yes,200,,as expected,https://temperp.187-127-178-100.sslip.io at 2026-08-17 14:26
/api/v1/admissions/dashboard,hr,no,403,,as expected,https://temperp.187-127-178-100.sslip.io at 2026-08-17 14:26
/api/v1/admissions/dashboard,operations,no,403,,as expected,https://temperp.187-127-178-100.sslip.io at 2026-08-17 14:26
/api/v1/admissions/dashboard,student,no,403,,as expected,https://temperp.187-127-178-100.sslip.io at 2026-08-17 14:26
/api/v1/admissions/dashboard,parent,no,403,,as expected,https://temperp.187-127-178-100.sslip.io at 2026-08-17 14:26
/api/v1/admissions/enquiries,seller_admin,no,403,,as expected,https://temperp.187-127-178-100.sslip.io at 2026-08-17 14:26
/api/v1/admissions/enquiries,super_admin,no,200,15,reachable beyond its owners,https://temperp.187-127-178-100.sslip.io at 2026-08-17 14:26
/api/v1/admissions/enquiries,institution_admin,no,200,15,reachable beyond its owners,https://temperp.187-127-178-100.sslip.io at 2026-08-17 14:26
/api/v1/admissions/enquiries,hod,no,403,,as expected,https://temperp.187-127-178-100.sslip.io at 2026-08-17 14:26
/api/v1/admissions/enquiries,faculty,no,403,,as expected,https://temperp.187-127-178-100.sslip.io at 2026-08-17 14:26
/api/v1/admissions/enquiries,finance,no,403,,as expected,https://temperp.187-127-178-100.sslip.io at 2026-08-17 14:26
/api/v1/admissions/enquiries,admissions,yes,200,15,as expected,https://temperp.187-127-178-100.sslip.io at 2026-08-17 14:26
/api/v1/admissions/enquiries,hr,no,403,,as expected,https://temperp.187-127-178-100.sslip.io at 2026-08-17 14:26
/api/v1/admissions/enquiries,operations,no,403,,as expected,https://temperp.187-127-178-100.sslip.io at 2026-08-17 14:26
/api/v1/admissions/enquiries,student,no,403,,as expected,https://temperp.187-127-178-100.sslip.io at 2026-08-17 14:26
/api/v1/admissions/enquiries,parent,no,403,,as expected,https://temperp.187-127-178-100.sslip.io at 2026-08-17 14:26
/api/v1/admissions/workflow/funnel,seller_admin,no,403,,as expected,https://temperp.187-127-178-100.sslip.io at 2026-08-17 14:26
/api/v1/admissions/workflow/funnel,super_admin,no,200,5,reachable beyond its owners,https://temperp.187-127-178-100.sslip.io at 2026-08-17 14:26
/api/v1/admissions/workflow/funnel,institution_admin,yes,200,5,as expected,https://temperp.187-127-178-100.sslip.io at 2026-08-17 14:26
/api/v1/admissions/workflow/funnel,hod,no,403,,as expected,https://temperp.187-127-178-100.sslip.io at 2026-08-17 14:26
/api/v1/admissions/workflow/funnel,faculty,no,403,,as expected,https://temperp.187-127-178-100.sslip.io at 2026-08-17 14:26
/api/v1/admissions/workflow/funnel,finance,no,403,,as expected,https://temperp.187-127-178-100.sslip.io at 2026-08-17 14:26
/api/v1/admissions/workflow/funnel,admissions,yes,200,5,as expected,https://temperp.187-127-178-100.sslip.io at 2026-08-17 14:26
/api/v1/admissions/workflow/funnel,hr,no,403,,as expected,https://temperp.187-127-178-100.sslip.io at 2026-08-17 14:26
/api/v1/admissions/workflow/funnel,operations,no,403,,as expected,https://temperp.187-127-178-100.sslip.io at 2026-08-17 14:26
/api/v1/admissions/workflow/funnel,student,no,403,,as expected,https://temperp.187-127-178-100.sslip.io at 2026-08-17 14:26
/api/v1/admissions/workflow/funnel,parent,no,403,,as expected,https://temperp.187-127-178-100.sslip.io at 2026-08-17 14:26
/api/v1/admissions/workflow/merit,seller_admin,no,403,,as expected,https://temperp.187-127-178-100.sslip.io at 2026-08-17 14:26
/api/v1/admissions/workflow/merit,super_admin,no,200,4,reachable beyond its owners,https://temperp.187-127-178-100.sslip.io at 2026-08-17 14:26
/api/v1/admissions/workflow/merit,institution_admin,yes,200,4,as expected,https://temperp.187-127-178-100.sslip.io at 2026-08-17 14:26
/api/v1/admissions/workflow/merit,hod,no,403,,as expected,https://temperp.187-127-178-100.sslip.io at 2026-08-17 14:26
/api/v1/admissions/workflow/merit,faculty,no,403,,as expected,https://temperp.187-127-178-100.sslip.io at 2026-08-17 14:26
/api/v1/admissions/workflow/merit,finance,no,403,,as expected,https://temperp.187-127-178-100.sslip.io at 2026-08-17 14:26
/api/v1/admissions/workflow/merit,admissions,yes,200,4,as expected,https://temperp.187-127-178-100.sslip.io at 2026-08-17 14:26
/api/v1/admissions/workflow/merit,hr,no,403,,as expected,https://temperp.187-127-178-100.sslip.io at 2026-08-17 14:26
/api/v1/admissions/workflow/merit,operations,no,403,,as expected,https://temperp.187-127-178-100.sslip.io at 2026-08-17 14:26
/api/v1/admissions/workflow/merit,student,no,403,,as expected,https://temperp.187-127-178-100.sslip.io at 2026-08-17 14:26
/api/v1/admissions/workflow/merit,parent,no,403,,as expected,https://temperp.187-127-178-100.sslip.io at 2026-08-17 14:26
/api/v1/admissions/workflow/seats,seller_admin,no,403,,as expected,https://temperp.187-127-178-100.sslip.io at 2026-08-17 14:26
/api/v1/admissions/workflow/seats,super_admin,no,200,4,reachable beyond its owners,https://temperp.187-127-178-100.sslip.io at 2026-08-17 14:26
/api/v1/admissions/workflow/seats,institution_admin,yes,200,4,as expected,https://temperp.187-127-178-100.sslip.io at 2026-08-17 14:26
/api/v1/admissions/workflow/seats,hod,no,403,,as expected,https://temperp.187-127-178-100.sslip.io at 2026-08-17 14:26
/api/v1/admissions/workflow/seats,faculty,no,403,,as expected,https://temperp.187-127-178-100.sslip.io at 2026-08-17 14:26
/api/v1/admissions/workflow/seats,finance,no,403,,as expected,https://temperp.187-127-178-100.sslip.io at 2026-08-17 14:26
/api/v1/admissions/workflow/seats,admissions,yes,200,4,as expected,https://temperp.187-127-178-100.sslip.io at 2026-08-17 14:26
/api/v1/admissions/workflow/seats,hr,no,403,,as expected,https://temperp.187-127-178-100.sslip.io at 2026-08-17 14:26
/api/v1/admissions/workflow/seats,operations,no,403,,as expected,https://temperp.187-127-178-100.sslip.io at 2026-08-17 14:26
/api/v1/admissions/workflow/seats,student,no,403,,as expected,https://temperp.187-127-178-100.sslip.io at 2026-08-17 14:26
/api/v1/admissions/workflow/seats,parent,no,403,,as expected,https://temperp.187-127-178-100.sslip.io at 2026-08-17 14:26
/api/v1/communication/circulars,seller_admin,no,200,4,reachable beyond its owners,https://temperp.187-127-178-100.sslip.io at 2026-08-17 14:26
/api/v1/communication/circulars,super_admin,no,200,4,reachable beyond its owners,https://temperp.187-127-178-100.sslip.io at 2026-08-17 14:26
/api/v1/communication/circulars,institution_admin,yes,200,4,as expected,https://temperp.187-127-178-100.sslip.io at 2026-08-17 14:26
/api/v1/communication/circulars,hod,no,200,4,reachable beyond its owners,https://temperp.187-127-178-100.sslip.io at 2026-08-17 14:26
/api/v1/communication/circulars,faculty,no,200,4,reachable beyond its owners,https://temperp.187-127-178-100.sslip.io at 2026-08-17 14:26
/api/v1/communication/circulars,finance,no,200,4,reachable beyond its owners,https://temperp.187-127-178-100.sslip.io at 2026-08-17 14:26
/api/v1/communication/circulars,admissions,no,200,4,reachable beyond its owners,https://temperp.187-127-178-100.sslip.io at 2026-08-17 14:26
/api/v1/communication/circulars,hr,no,200,4,reachable beyond its owners,https://temperp.187-127-178-100.sslip.io at 2026-08-17 14:26
/api/v1/communication/circulars,operations,no,200,4,reachable beyond its owners,https://temperp.187-127-178-100.sslip.io at 2026-08-17 14:26
/api/v1/communication/circulars,student,yes,200,4,as expected,https://temperp.187-127-178-100.sslip.io at 2026-08-17 14:26
/api/v1/communication/circulars,parent,yes,200,4,as expected,https://temperp.187-127-178-100.sslip.io at 2026-08-17 14:26
/api/v1/compliance/udise,seller_admin,no,200,111,reachable beyond its owners,https://temperp.187-127-178-100.sslip.io at 2026-08-17 14:26
/api/v1/compliance/udise,super_admin,yes,200,111,as expected,https://temperp.187-127-178-100.sslip.io at 2026-08-17 14:26
/api/v1/compliance/udise,institution_admin,yes,200,111,as expected,https://temperp.187-127-178-100.sslip.io at 2026-08-17 14:26
/api/v1/compliance/udise,hod,no,200,111,reachable beyond its owners,https://temperp.187-127-178-100.sslip.io at 2026-08-17 14:26
/api/v1/compliance/udise,faculty,no,403,,as expected,https://temperp.187-127-178-100.sslip.io at 2026-08-17 14:26
/api/v1/compliance/udise,finance,no,200,111,reachable beyond its owners,https://temperp.187-127-178-100.sslip.io at 2026-08-17 14:26
/api/v1/compliance/udise,admissions,no,403,,as expected,https://temperp.187-127-178-100.sslip.io at 2026-08-17 14:26
/api/v1/compliance/udise,hr,no,200,111,reachable beyond its owners,https://temperp.187-127-178-100.sslip.io at 2026-08-17 14:26
/api/v1/compliance/udise,operations,no,403,,as expected,https://temperp.187-127-178-100.sslip.io at 2026-08-17 14:26
/api/v1/compliance/udise,student,no,403,,as expected,https://temperp.187-127-178-100.sslip.io at 2026-08-17 14:26
/api/v1/compliance/udise,parent,no,403,,as expected,https://temperp.187-127-178-100.sslip.io at 2026-08-17 14:26
/api/v1/date-ranges,seller_admin,no,200,13,reachable beyond its owners,https://temperp.187-127-178-100.sslip.io at 2026-08-17 14:26
/api/v1/date-ranges,super_admin,no,200,13,reachable beyond its owners,https://temperp.187-127-178-100.sslip.io at 2026-08-17 14:26
/api/v1/date-ranges,institution_admin,yes,200,13,as expected,https://temperp.187-127-178-100.sslip.io at 2026-08-17 14:26
/api/v1/date-ranges,hod,no,200,13,reachable beyond its owners,https://temperp.187-127-178-100.sslip.io at 2026-08-17 14:26
/api/v1/date-ranges,faculty,no,200,13,reachable beyond its owners,https://temperp.187-127-178-100.sslip.io at 2026-08-17 14:26
/api/v1/date-ranges,finance,yes,200,13,as expected,https://temperp.187-127-178-100.sslip.io at 2026-08-17 14:26
/api/v1/date-ranges,admissions,no,200,13,reachable beyond its owners,https://temperp.187-127-178-100.sslip.io at 2026-08-17 14:26
/api/v1/date-ranges,hr,no,200,13,reachable beyond its owners,https://temperp.187-127-178-100.sslip.io at 2026-08-17 14:26
/api/v1/date-ranges,operations,no,200,13,reachable beyond its owners,https://temperp.187-127-178-100.sslip.io at 2026-08-17 14:26
/api/v1/date-ranges,student,no,200,13,reachable beyond its owners,https://temperp.187-127-178-100.sslip.io at 2026-08-17 14:26
/api/v1/date-ranges,parent,no,200,13,reachable beyond its owners,https://temperp.187-127-178-100.sslip.io at 2026-08-17 14:26
/api/v1/department/dashboard,seller_admin,no,403,,as expected,https://temperp.187-127-178-100.sslip.io at 2026-08-17 14:26
/api/v1/department/dashboard,super_admin,no,200,,reachable beyond its owners,https://temperp.187-127-178-100.sslip.io at 2026-08-17 14:26
/api/v1/department/dashboard,institution_admin,no,200,,reachable beyond its owners,https://temperp.187-127-178-100.sslip.io at 2026-08-17 14:26
/api/v1/department/dashboard,hod,yes,200,,as expected,https://temperp.187-127-178-100.sslip.io at 2026-08-17 14:26
/api/v1/department/dashboard,faculty,no,403,,as expected,https://temperp.187-127-178-100.sslip.io at 2026-08-17 14:26
/api/v1/department/dashboard,finance,no,403,,as expected,https://temperp.187-127-178-100.sslip.io at 2026-08-17 14:26
/api/v1/department/dashboard,admissions,no,403,,as expected,https://temperp.187-127-178-100.sslip.io at 2026-08-17 14:26
/api/v1/department/dashboard,hr,no,200,,reachable beyond its owners,https://temperp.187-127-178-100.sslip.io at 2026-08-17 14:26
/api/v1/department/dashboard,operations,no,403,,as expected,https://temperp.187-127-178-100.sslip.io at 2026-08-17 14:26
/api/v1/department/dashboard,student,no,403,,as expected,https://temperp.187-127-178-100.sslip.io at 2026-08-17 14:26
/api/v1/department/dashboard,parent,no,403,,as expected,https://temperp.187-127-178-100.sslip.io at 2026-08-17 14:26
/api/v1/department/faculty,seller_admin,no,403,,as expected,https://temperp.187-127-178-100.sslip.io at 2026-08-17 14:26
/api/v1/department/faculty,super_admin,no,200,0,reachable beyond its owners,https://temperp.187-127-178-100.sslip.io at 2026-08-17 14:26
/api/v1/department/faculty,institution_admin,no,200,0,reachable beyond its owners,https://temperp.187-127-178-100.sslip.io at 2026-08-17 14:26
/api/v1/department/faculty,hod,yes,200,2,as expected,https://temperp.187-127-178-100.sslip.io at 2026-08-17 14:26
/api/v1/department/faculty,faculty,no,403,,as expected,https://temperp.187-127-178-100.sslip.io at 2026-08-17 14:26
/api/v1/department/faculty,finance,no,403,,as expected,https://temperp.187-127-178-100.sslip.io at 2026-08-17 14:26
/api/v1/department/faculty,admissions,no,403,,as expected,https://temperp.187-127-178-100.sslip.io at 2026-08-17 14:26
/api/v1/department/faculty,hr,no,200,0,reachable beyond its owners,https://temperp.187-127-178-100.sslip.io at 2026-08-17 14:26
/api/v1/department/faculty,operations,no,403,,as expected,https://temperp.187-127-178-100.sslip.io at 2026-08-17 14:26
/api/v1/department/faculty,student,no,403,,as expected,https://temperp.187-127-178-100.sslip.io at 2026-08-17 14:26
/api/v1/department/faculty,parent,no,403,,as expected,https://temperp.187-127-178-100.sslip.io at 2026-08-17 14:26
/api/v1/exams/list,seller_admin,no,403,,as expected,https://temperp.187-127-178-100.sslip.io at 2026-08-17 14:26
/api/v1/exams/list,super_admin,no,200,1,reachable beyond its owners,https://temperp.187-127-178-100.sslip.io at 2026-08-17 14:26
/api/v1/exams/list,institution_admin,yes,200,1,as expected,https://temperp.187-127-178-100.sslip.io at 2026-08-17 14:26
/api/v1/exams/list,hod,no,200,1,reachable beyond its owners,https://temperp.187-127-178-100.sslip.io at 2026-08-17 14:26
/api/v1/exams/list,faculty,no,200,1,reachable beyond its owners,https://temperp.187-127-178-100.sslip.io at 2026-08-17 14:26
/api/v1/exams/list,finance,no,403,,as expected,https://temperp.187-127-178-100.sslip.io at 2026-08-17 14:26
/api/v1/exams/list,admissions,no,403,,as expected,https://temperp.187-127-178-100.sslip.io at 2026-08-17 14:26
/api/v1/exams/list,hr,no,403,,as expected,https://temperp.187-127-178-100.sslip.io at 2026-08-17 14:26
/api/v1/exams/list,operations,no,403,,as expected,https://temperp.187-127-178-100.sslip.io at 2026-08-17 14:26
/api/v1/exams/list,student,no,403,,as expected,https://temperp.187-127-178-100.sslip.io at 2026-08-17 14:26
/api/v1/exams/list,parent,no,403,,as expected,https://temperp.187-127-178-100.sslip.io at 2026-08-17 14:26
/api/v1/exams/subjects,seller_admin,no,403,,as expected,https://temperp.187-127-178-100.sslip.io at 2026-08-17 14:26
/api/v1/exams/subjects,super_admin,no,200,20,reachable beyond its owners,https://temperp.187-127-178-100.sslip.io at 2026-08-17 14:26
/api/v1/exams/subjects,institution_admin,no,200,20,reachable beyond its owners,https://temperp.187-127-178-100.sslip.io at 2026-08-17 14:26
/api/v1/exams/subjects,hod,no,200,20,reachable beyond its owners,https://temperp.187-127-178-100.sslip.io at 2026-08-17 14:26
/api/v1/exams/subjects,faculty,yes,200,20,as expected,https://temperp.187-127-178-100.sslip.io at 2026-08-17 14:26
/api/v1/exams/subjects,finance,no,403,,as expected,https://temperp.187-127-178-100.sslip.io at 2026-08-17 14:26
/api/v1/exams/subjects,admissions,no,403,,as expected,https://temperp.187-127-178-100.sslip.io at 2026-08-17 14:26
/api/v1/exams/subjects,hr,no,403,,as expected,https://temperp.187-127-178-100.sslip.io at 2026-08-17 14:26
/api/v1/exams/subjects,operations,no,403,,as expected,https://temperp.187-127-178-100.sslip.io at 2026-08-17 14:26
/api/v1/exams/subjects,student,no,403,,as expected,https://temperp.187-127-178-100.sslip.io at 2026-08-17 14:26
/api/v1/exams/subjects,parent,no,403,,as expected,https://temperp.187-127-178-100.sslip.io at 2026-08-17 14:26
/api/v1/fees/defaulters,seller_admin,no,403,,as expected,https://temperp.187-127-178-100.sslip.io at 2026-08-17 14:26
/api/v1/fees/defaulters,super_admin,no,200,27,reachable beyond its owners,https://temperp.187-127-178-100.sslip.io at 2026-08-17 14:26
/api/v1/fees/defaulters,institution_admin,no,200,27,reachable beyond its owners,https://temperp.187-127-178-100.sslip.io at 2026-08-17 14:26
/api/v1/fees/defaulters,hod,no,403,,as expected,https://temperp.187-127-178-100.sslip.io at 2026-08-17 14:26
/api/v1/fees/defaulters,faculty,no,403,,as expected,https://temperp.187-127-178-100.sslip.io at 2026-08-17 14:26
/api/v1/fees/defaulters,finance,yes,200,27,as expected,https://temperp.187-127-178-100.sslip.io at 2026-08-17 14:26
/api/v1/fees/defaulters,admissions,no,403,,as expected,https://temperp.187-127-178-100.sslip.io at 2026-08-17 14:26
/api/v1/fees/defaulters,hr,no,403,,as expected,https://temperp.187-127-178-100.sslip.io at 2026-08-17 14:26
/api/v1/fees/defaulters,operations,no,403,,as expected,https://temperp.187-127-178-100.sslip.io at 2026-08-17 14:26
/api/v1/fees/defaulters,student,no,403,,as expected,https://temperp.187-127-178-100.sslip.io at 2026-08-17 14:26
/api/v1/fees/defaulters,parent,no,403,,as expected,https://temperp.187-127-178-100.sslip.io at 2026-08-17 14:26
/api/v1/fees/pdc,seller_admin,no,403,,as expected,https://temperp.187-127-178-100.sslip.io at 2026-08-17 14:26
/api/v1/fees/pdc,super_admin,no,200,4,reachable beyond its owners,https://temperp.187-127-178-100.sslip.io at 2026-08-17 14:26
/api/v1/fees/pdc,institution_admin,no,200,4,reachable beyond its owners,https://temperp.187-127-178-100.sslip.io at 2026-08-17 14:26
/api/v1/fees/pdc,hod,no,403,,as expected,https://temperp.187-127-178-100.sslip.io at 2026-08-17 14:26
/api/v1/fees/pdc,faculty,no,403,,as expected,https://temperp.187-127-178-100.sslip.io at 2026-08-17 14:26
/api/v1/fees/pdc,finance,yes,200,4,as expected,https://temperp.187-127-178-100.sslip.io at 2026-08-17 14:26
/api/v1/fees/pdc,admissions,no,403,,as expected,https://temperp.187-127-178-100.sslip.io at 2026-08-17 14:26
/api/v1/fees/pdc,hr,no,403,,as expected,https://temperp.187-127-178-100.sslip.io at 2026-08-17 14:26
/api/v1/fees/pdc,operations,no,403,,as expected,https://temperp.187-127-178-100.sslip.io at 2026-08-17 14:26
/api/v1/fees/pdc,student,no,403,,as expected,https://temperp.187-127-178-100.sslip.io at 2026-08-17 14:26
/api/v1/fees/pdc,parent,no,403,,as expected,https://temperp.187-127-178-100.sslip.io at 2026-08-17 14:26
/api/v1/fees/receipts/:param,seller_admin,no,403,,as expected,https://temperp.187-127-178-100.sslip.io at 2026-08-17 14:26
/api/v1/fees/receipts/:param,super_admin,no,200,,reachable beyond its owners,https://temperp.187-127-178-100.sslip.io at 2026-08-17 14:26
/api/v1/fees/receipts/:param,institution_admin,no,200,,reachable beyond its owners,https://temperp.187-127-178-100.sslip.io at 2026-08-17 14:26
/api/v1/fees/receipts/:param,hod,no,403,,as expected,https://temperp.187-127-178-100.sslip.io at 2026-08-17 14:26
/api/v1/fees/receipts/:param,faculty,no,403,,as expected,https://temperp.187-127-178-100.sslip.io at 2026-08-17 14:26
/api/v1/fees/receipts/:param,finance,yes,200,,as expected,https://temperp.187-127-178-100.sslip.io at 2026-08-17 14:26
/api/v1/fees/receipts/:param,admissions,no,403,,as expected,https://temperp.187-127-178-100.sslip.io at 2026-08-17 14:26
/api/v1/fees/receipts/:param,hr,no,403,,as expected,https://temperp.187-127-178-100.sslip.io at 2026-08-17 14:26
/api/v1/fees/receipts/:param,operations,no,403,,as expected,https://temperp.187-127-178-100.sslip.io at 2026-08-17 14:26
/api/v1/fees/receipts/:param,student,no,403,,as expected,https://temperp.187-127-178-100.sslip.io at 2026-08-17 14:26
/api/v1/fees/receipts/:param,parent,no,403,,as expected,https://temperp.187-127-178-100.sslip.io at 2026-08-17 14:26
/api/v1/finance/invoices,seller_admin,no,403,,as expected,https://temperp.187-127-178-100.sslip.io at 2026-08-17 14:26
/api/v1/finance/invoices,super_admin,no,200,101,reachable beyond its owners,https://temperp.187-127-178-100.sslip.io at 2026-08-17 14:26
/api/v1/finance/invoices,institution_admin,no,200,101,reachable beyond its owners,https://temperp.187-127-178-100.sslip.io at 2026-08-17 14:26
/api/v1/finance/invoices,hod,no,403,,as expected,https://temperp.187-127-178-100.sslip.io at 2026-08-17 14:26
/api/v1/finance/invoices,faculty,no,403,,as expected,https://temperp.187-127-178-100.sslip.io at 2026-08-17 14:26
/api/v1/finance/invoices,finance,yes,200,101,as expected,https://temperp.187-127-178-100.sslip.io at 2026-08-17 14:26
/api/v1/finance/invoices,admissions,no,403,,as expected,https://temperp.187-127-178-100.sslip.io at 2026-08-17 14:26
/api/v1/finance/invoices,hr,no,403,,as expected,https://temperp.187-127-178-100.sslip.io at 2026-08-17 14:26
/api/v1/finance/invoices,operations,no,403,,as expected,https://temperp.187-127-178-100.sslip.io at 2026-08-17 14:26
/api/v1/finance/invoices,student,no,403,,as expected,https://temperp.187-127-178-100.sslip.io at 2026-08-17 14:26
/api/v1/finance/invoices,parent,no,403,,as expected,https://temperp.187-127-178-100.sslip.io at 2026-08-17 14:26
/api/v1/homework,seller_admin,no,200,11,reachable beyond its owners,https://temperp.187-127-178-100.sslip.io at 2026-08-17 14:26
/api/v1/homework,super_admin,no,200,11,reachable beyond its owners,https://temperp.187-127-178-100.sslip.io at 2026-08-17 14:26
/api/v1/homework,institution_admin,no,200,11,reachable beyond its owners,https://temperp.187-127-178-100.sslip.io at 2026-08-17 14:26
/api/v1/homework,hod,no,200,11,reachable beyond its owners,https://temperp.187-127-178-100.sslip.io at 2026-08-17 14:26
/api/v1/homework,faculty,yes,200,11,as expected,https://temperp.187-127-178-100.sslip.io at 2026-08-17 14:26
/api/v1/homework,finance,no,200,0,reachable beyond its owners,https://temperp.187-127-178-100.sslip.io at 2026-08-17 14:26
/api/v1/homework,admissions,no,200,11,reachable beyond its owners,https://temperp.187-127-178-100.sslip.io at 2026-08-17 14:26
/api/v1/homework,hr,no,200,11,reachable beyond its owners,https://temperp.187-127-178-100.sslip.io at 2026-08-17 14:26
/api/v1/homework,operations,no,200,11,reachable beyond its owners,https://temperp.187-127-178-100.sslip.io at 2026-08-17 14:26
/api/v1/homework,student,yes,200,11,as expected,https://temperp.187-127-178-100.sslip.io at 2026-08-17 14:26
/api/v1/homework,parent,yes,200,11,as expected,https://temperp.187-127-178-100.sslip.io at 2026-08-17 14:26
/api/v1/hr/dashboard,seller_admin,no,403,,as expected,https://temperp.187-127-178-100.sslip.io at 2026-08-17 14:26
/api/v1/hr/dashboard,super_admin,no,200,,reachable beyond its owners,https://temperp.187-127-178-100.sslip.io at 2026-08-17 14:26
/api/v1/hr/dashboard,institution_admin,no,200,,reachable beyond its owners,https://temperp.187-127-178-100.sslip.io at 2026-08-17 14:26
/api/v1/hr/dashboard,hod,no,200,,reachable beyond its owners,https://temperp.187-127-178-100.sslip.io at 2026-08-17 14:26
/api/v1/hr/dashboard,faculty,no,403,,as expected,https://temperp.187-127-178-100.sslip.io at 2026-08-17 14:26
/api/v1/hr/dashboard,finance,no,403,,as expected,https://temperp.187-127-178-100.sslip.io at 2026-08-17 14:26
/api/v1/hr/dashboard,admissions,no,403,,as expected,https://temperp.187-127-178-100.sslip.io at 2026-08-17 14:26
/api/v1/hr/dashboard,hr,yes,200,,as expected,https://temperp.187-127-178-100.sslip.io at 2026-08-17 14:26
/api/v1/hr/dashboard,operations,no,403,,as expected,https://temperp.187-127-178-100.sslip.io at 2026-08-17 14:26
/api/v1/hr/dashboard,student,no,403,,as expected,https://temperp.187-127-178-100.sslip.io at 2026-08-17 14:26
/api/v1/hr/dashboard,parent,no,403,,as expected,https://temperp.187-127-178-100.sslip.io at 2026-08-17 14:26
/api/v1/hr/employees,seller_admin,no,403,,as expected,https://temperp.187-127-178-100.sslip.io at 2026-08-17 14:26
/api/v1/hr/employees,super_admin,no,200,7,reachable beyond its owners,https://temperp.187-127-178-100.sslip.io at 2026-08-17 14:26
/api/v1/hr/employees,institution_admin,no,200,7,reachable beyond its owners,https://temperp.187-127-178-100.sslip.io at 2026-08-17 14:26
/api/v1/hr/employees,hod,no,200,7,reachable beyond its owners,https://temperp.187-127-178-100.sslip.io at 2026-08-17 14:26
/api/v1/hr/employees,faculty,no,403,,as expected,https://temperp.187-127-178-100.sslip.io at 2026-08-17 14:26
/api/v1/hr/employees,finance,no,403,,as expected,https://temperp.187-127-178-100.sslip.io at 2026-08-17 14:26
/api/v1/hr/employees,admissions,no,403,,as expected,https://temperp.187-127-178-100.sslip.io at 2026-08-17 14:26
/api/v1/hr/employees,hr,yes,200,7,as expected,https://temperp.187-127-178-100.sslip.io at 2026-08-17 14:26
/api/v1/hr/employees,operations,no,403,,as expected,https://temperp.187-127-178-100.sslip.io at 2026-08-17 14:26
/api/v1/hr/employees,student,no,403,,as expected,https://temperp.187-127-178-100.sslip.io at 2026-08-17 14:26
/api/v1/hr/employees,parent,no,403,,as expected,https://temperp.187-127-178-100.sslip.io at 2026-08-17 14:26
/api/v1/jobs/queues,seller_admin,no,403,,as expected,https://temperp.187-127-178-100.sslip.io at 2026-08-17 14:26
/api/v1/jobs/queues,super_admin,yes,200,,as expected,https://temperp.187-127-178-100.sslip.io at 2026-08-17 14:26
/api/v1/jobs/queues,institution_admin,no,200,,reachable beyond its owners,https://temperp.187-127-178-100.sslip.io at 2026-08-17 14:26
/api/v1/jobs/queues,hod,no,403,,as expected,https://temperp.187-127-178-100.sslip.io at 2026-08-17 14:26
/api/v1/jobs/queues,faculty,no,403,,as expected,https://temperp.187-127-178-100.sslip.io at 2026-08-17 14:26
/api/v1/jobs/queues,finance,no,403,,as expected,https://temperp.187-127-178-100.sslip.io at 2026-08-17 14:26
/api/v1/jobs/queues,admissions,no,403,,as expected,https://temperp.187-127-178-100.sslip.io at 2026-08-17 14:26
/api/v1/jobs/queues,hr,no,403,,as expected,https://temperp.187-127-178-100.sslip.io at 2026-08-17 14:26
/api/v1/jobs/queues,operations,no,403,,as expected,https://temperp.187-127-178-100.sslip.io at 2026-08-17 14:26
/api/v1/jobs/queues,student,no,403,,as expected,https://temperp.187-127-178-100.sslip.io at 2026-08-17 14:26
/api/v1/jobs/queues,parent,no,403,,as expected,https://temperp.187-127-178-100.sslip.io at 2026-08-17 14:26
/api/v1/lifecycle/certificates,seller_admin,no,403,,as expected,https://temperp.187-127-178-100.sslip.io at 2026-08-17 14:26
/api/v1/lifecycle/certificates,super_admin,no,200,4,reachable beyond its owners,https://temperp.187-127-178-100.sslip.io at 2026-08-17 14:26
/api/v1/lifecycle/certificates,institution_admin,yes,200,4,as expected,https://temperp.187-127-178-100.sslip.io at 2026-08-17 14:26
/api/v1/lifecycle/certificates,hod,no,200,4,reachable beyond its owners,https://temperp.187-127-178-100.sslip.io at 2026-08-17 14:26
/api/v1/lifecycle/certificates,faculty,no,200,4,reachable beyond its owners,https://temperp.187-127-178-100.sslip.io at 2026-08-17 14:26
/api/v1/lifecycle/certificates,finance,no,200,4,reachable beyond its owners,https://temperp.187-127-178-100.sslip.io at 2026-08-17 14:26
/api/v1/lifecycle/certificates,admissions,no,200,4,reachable beyond its owners,https://temperp.187-127-178-100.sslip.io at 2026-08-17 14:26
/api/v1/lifecycle/certificates,hr,no,403,,as expected,https://temperp.187-127-178-100.sslip.io at 2026-08-17 14:26
/api/v1/lifecycle/certificates,operations,no,200,4,reachable beyond its owners,https://temperp.187-127-178-100.sslip.io at 2026-08-17 14:26
/api/v1/lifecycle/certificates,student,no,403,,as expected,https://temperp.187-127-178-100.sslip.io at 2026-08-17 14:26
/api/v1/lifecycle/certificates,parent,no,403,,as expected,https://temperp.187-127-178-100.sslip.io at 2026-08-17 14:26
/api/v1/operations/dashboard,seller_admin,no,403,,as expected,https://temperp.187-127-178-100.sslip.io at 2026-08-17 14:26
/api/v1/operations/dashboard,super_admin,no,200,,reachable beyond its owners,https://temperp.187-127-178-100.sslip.io at 2026-08-17 14:26
/api/v1/operations/dashboard,institution_admin,no,200,,reachable beyond its owners,https://temperp.187-127-178-100.sslip.io at 2026-08-17 14:26
/api/v1/operations/dashboard,hod,no,403,,as expected,https://temperp.187-127-178-100.sslip.io at 2026-08-17 14:26
/api/v1/operations/dashboard,faculty,no,403,,as expected,https://temperp.187-127-178-100.sslip.io at 2026-08-17 14:26
/api/v1/operations/dashboard,finance,no,403,,as expected,https://temperp.187-127-178-100.sslip.io at 2026-08-17 14:26
/api/v1/operations/dashboard,admissions,no,403,,as expected,https://temperp.187-127-178-100.sslip.io at 2026-08-17 14:26
/api/v1/operations/dashboard,hr,no,403,,as expected,https://temperp.187-127-178-100.sslip.io at 2026-08-17 14:26
/api/v1/operations/dashboard,operations,yes,200,,as expected,https://temperp.187-127-178-100.sslip.io at 2026-08-17 14:26
/api/v1/operations/dashboard,student,no,403,,as expected,https://temperp.187-127-178-100.sslip.io at 2026-08-17 14:26
/api/v1/operations/dashboard,parent,no,403,,as expected,https://temperp.187-127-178-100.sslip.io at 2026-08-17 14:26
/api/v1/operations/library/loans,seller_admin,no,403,,as expected,https://temperp.187-127-178-100.sslip.io at 2026-08-17 14:26
/api/v1/operations/library/loans,super_admin,no,200,0,reachable beyond its owners,https://temperp.187-127-178-100.sslip.io at 2026-08-17 14:26
/api/v1/operations/library/loans,institution_admin,no,200,0,reachable beyond its owners,https://temperp.187-127-178-100.sslip.io at 2026-08-17 14:26
/api/v1/operations/library/loans,hod,no,403,,as expected,https://temperp.187-127-178-100.sslip.io at 2026-08-17 14:26
/api/v1/operations/library/loans,faculty,no,403,,as expected,https://temperp.187-127-178-100.sslip.io at 2026-08-17 14:26
/api/v1/operations/library/loans,finance,no,403,,as expected,https://temperp.187-127-178-100.sslip.io at 2026-08-17 14:26
/api/v1/operations/library/loans,admissions,no,403,,as expected,https://temperp.187-127-178-100.sslip.io at 2026-08-17 14:26
/api/v1/operations/library/loans,hr,no,403,,as expected,https://temperp.187-127-178-100.sslip.io at 2026-08-17 14:26
/api/v1/operations/library/loans,operations,yes,200,0,as expected,https://temperp.187-127-178-100.sslip.io at 2026-08-17 14:26
/api/v1/operations/library/loans,student,no,403,,as expected,https://temperp.187-127-178-100.sslip.io at 2026-08-17 14:26
/api/v1/operations/library/loans,parent,no,403,,as expected,https://temperp.187-127-178-100.sslip.io at 2026-08-17 14:26
/api/v1/operations/transport/vehicles,seller_admin,no,403,,as expected,https://temperp.187-127-178-100.sslip.io at 2026-08-17 14:26
/api/v1/operations/transport/vehicles,super_admin,no,200,0,reachable beyond its owners,https://temperp.187-127-178-100.sslip.io at 2026-08-17 14:26
/api/v1/operations/transport/vehicles,institution_admin,no,200,0,reachable beyond its owners,https://temperp.187-127-178-100.sslip.io at 2026-08-17 14:26
/api/v1/operations/transport/vehicles,hod,no,403,,as expected,https://temperp.187-127-178-100.sslip.io at 2026-08-17 14:26
/api/v1/operations/transport/vehicles,faculty,no,403,,as expected,https://temperp.187-127-178-100.sslip.io at 2026-08-17 14:26
/api/v1/operations/transport/vehicles,finance,no,403,,as expected,https://temperp.187-127-178-100.sslip.io at 2026-08-17 14:26
/api/v1/operations/transport/vehicles,admissions,no,403,,as expected,https://temperp.187-127-178-100.sslip.io at 2026-08-17 14:26
/api/v1/operations/transport/vehicles,hr,no,403,,as expected,https://temperp.187-127-178-100.sslip.io at 2026-08-17 14:26
/api/v1/operations/transport/vehicles,operations,yes,200,0,as expected,https://temperp.187-127-178-100.sslip.io at 2026-08-17 14:26
/api/v1/operations/transport/vehicles,student,no,403,,as expected,https://temperp.187-127-178-100.sslip.io at 2026-08-17 14:26
/api/v1/operations/transport/vehicles,parent,no,403,,as expected,https://temperp.187-127-178-100.sslip.io at 2026-08-17 14:26
/api/v1/ops/hostel/occupancy,seller_admin,no,403,,as expected,https://temperp.187-127-178-100.sslip.io at 2026-08-17 14:26
/api/v1/ops/hostel/occupancy,super_admin,no,200,0,reachable beyond its owners,https://temperp.187-127-178-100.sslip.io at 2026-08-17 14:26
/api/v1/ops/hostel/occupancy,institution_admin,no,200,0,reachable beyond its owners,https://temperp.187-127-178-100.sslip.io at 2026-08-17 14:26
/api/v1/ops/hostel/occupancy,hod,no,403,,as expected,https://temperp.187-127-178-100.sslip.io at 2026-08-17 14:26
/api/v1/ops/hostel/occupancy,faculty,no,403,,as expected,https://temperp.187-127-178-100.sslip.io at 2026-08-17 14:26
/api/v1/ops/hostel/occupancy,finance,no,403,,as expected,https://temperp.187-127-178-100.sslip.io at 2026-08-17 14:26
/api/v1/ops/hostel/occupancy,admissions,no,403,,as expected,https://temperp.187-127-178-100.sslip.io at 2026-08-17 14:26
/api/v1/ops/hostel/occupancy,hr,no,403,,as expected,https://temperp.187-127-178-100.sslip.io at 2026-08-17 14:26
/api/v1/ops/hostel/occupancy,operations,yes,200,0,as expected,https://temperp.187-127-178-100.sslip.io at 2026-08-17 14:26
/api/v1/ops/hostel/occupancy,student,no,403,,as expected,https://temperp.187-127-178-100.sslip.io at 2026-08-17 14:26
/api/v1/ops/hostel/occupancy,parent,no,403,,as expected,https://temperp.187-127-178-100.sslip.io at 2026-08-17 14:26
/api/v1/ops/inventory/stock,seller_admin,no,403,,as expected,https://temperp.187-127-178-100.sslip.io at 2026-08-17 14:26
/api/v1/ops/inventory/stock,super_admin,no,200,0,reachable beyond its owners,https://temperp.187-127-178-100.sslip.io at 2026-08-17 14:26
/api/v1/ops/inventory/stock,institution_admin,no,200,0,reachable beyond its owners,https://temperp.187-127-178-100.sslip.io at 2026-08-17 14:26
/api/v1/ops/inventory/stock,hod,no,403,,as expected,https://temperp.187-127-178-100.sslip.io at 2026-08-17 14:26
/api/v1/ops/inventory/stock,faculty,no,403,,as expected,https://temperp.187-127-178-100.sslip.io at 2026-08-17 14:26
/api/v1/ops/inventory/stock,finance,no,403,,as expected,https://temperp.187-127-178-100.sslip.io at 2026-08-17 14:26
/api/v1/ops/inventory/stock,admissions,no,403,,as expected,https://temperp.187-127-178-100.sslip.io at 2026-08-17 14:26
/api/v1/ops/inventory/stock,hr,no,403,,as expected,https://temperp.187-127-178-100.sslip.io at 2026-08-17 14:26
/api/v1/ops/inventory/stock,operations,yes,200,0,as expected,https://temperp.187-127-178-100.sslip.io at 2026-08-17 14:26
/api/v1/ops/inventory/stock,student,no,403,,as expected,https://temperp.187-127-178-100.sslip.io at 2026-08-17 14:26
/api/v1/ops/inventory/stock,parent,no,403,,as expected,https://temperp.187-127-178-100.sslip.io at 2026-08-17 14:26
/api/v1/payroll/payslips,seller_admin,no,403,,as expected,https://temperp.187-127-178-100.sslip.io at 2026-08-17 14:26
/api/v1/payroll/payslips,super_admin,no,200,0,reachable beyond its owners,https://temperp.187-127-178-100.sslip.io at 2026-08-17 14:26
/api/v1/payroll/payslips,institution_admin,no,200,0,reachable beyond its owners,https://temperp.187-127-178-100.sslip.io at 2026-08-17 14:26
/api/v1/payroll/payslips,hod,no,403,,as expected,https://temperp.187-127-178-100.sslip.io at 2026-08-17 14:26
/api/v1/payroll/payslips,faculty,no,403,,as expected,https://temperp.187-127-178-100.sslip.io at 2026-08-17 14:26
/api/v1/payroll/payslips,finance,no,403,,as expected,https://temperp.187-127-178-100.sslip.io at 2026-08-17 14:26
/api/v1/payroll/payslips,admissions,no,403,,as expected,https://temperp.187-127-178-100.sslip.io at 2026-08-17 14:26
/api/v1/payroll/payslips,hr,yes,200,0,as expected,https://temperp.187-127-178-100.sslip.io at 2026-08-17 14:26
/api/v1/payroll/payslips,operations,no,403,,as expected,https://temperp.187-127-178-100.sslip.io at 2026-08-17 14:26
/api/v1/payroll/payslips,student,no,403,,as expected,https://temperp.187-127-178-100.sslip.io at 2026-08-17 14:26
/api/v1/payroll/payslips,parent,no,403,,as expected,https://temperp.187-127-178-100.sslip.io at 2026-08-17 14:26
/api/v1/portal/students,seller_admin,no,200,0,reachable beyond its owners,https://temperp.187-127-178-100.sslip.io at 2026-08-17 14:26
/api/v1/portal/students,super_admin,no,200,0,reachable beyond its owners,https://temperp.187-127-178-100.sslip.io at 2026-08-17 14:26
/api/v1/portal/students,institution_admin,no,200,0,reachable beyond its owners,https://temperp.187-127-178-100.sslip.io at 2026-08-17 14:26
/api/v1/portal/students,hod,no,200,0,reachable beyond its owners,https://temperp.187-127-178-100.sslip.io at 2026-08-17 14:26
/api/v1/portal/students,faculty,no,200,0,reachable beyond its owners,https://temperp.187-127-178-100.sslip.io at 2026-08-17 14:26
/api/v1/portal/students,finance,no,200,0,reachable beyond its owners,https://temperp.187-127-178-100.sslip.io at 2026-08-17 14:26
/api/v1/portal/students,admissions,no,200,0,reachable beyond its owners,https://temperp.187-127-178-100.sslip.io at 2026-08-17 14:26
/api/v1/portal/students,hr,no,200,0,reachable beyond its owners,https://temperp.187-127-178-100.sslip.io at 2026-08-17 14:26
/api/v1/portal/students,operations,no,200,0,reachable beyond its owners,https://temperp.187-127-178-100.sslip.io at 2026-08-17 14:26
/api/v1/portal/students,student,yes,200,1,as expected,https://temperp.187-127-178-100.sslip.io at 2026-08-17 14:26
/api/v1/portal/students,parent,yes,200,4,as expected,https://temperp.187-127-178-100.sslip.io at 2026-08-17 14:26
/api/v1/principal/attendance-shortage,seller_admin,no,200,0,reachable beyond its owners,https://temperp.187-127-178-100.sslip.io at 2026-08-17 14:26
/api/v1/principal/attendance-shortage,super_admin,no,200,0,reachable beyond its owners,https://temperp.187-127-178-100.sslip.io at 2026-08-17 14:26
/api/v1/principal/attendance-shortage,institution_admin,yes,200,0,as expected,https://temperp.187-127-178-100.sslip.io at 2026-08-17 14:26
/api/v1/principal/attendance-shortage,hod,no,200,0,reachable beyond its owners,https://temperp.187-127-178-100.sslip.io at 2026-08-17 14:26
/api/v1/principal/attendance-shortage,faculty,no,403,,as expected,https://temperp.187-127-178-100.sslip.io at 2026-08-17 14:26
/api/v1/principal/attendance-shortage,finance,no,200,0,reachable beyond its owners,https://temperp.187-127-178-100.sslip.io at 2026-08-17 14:26
/api/v1/principal/attendance-shortage,admissions,no,403,,as expected,https://temperp.187-127-178-100.sslip.io at 2026-08-17 14:26
/api/v1/principal/attendance-shortage,hr,no,200,0,reachable beyond its owners,https://temperp.187-127-178-100.sslip.io at 2026-08-17 14:26
/api/v1/principal/attendance-shortage,operations,no,403,,as expected,https://temperp.187-127-178-100.sslip.io at 2026-08-17 14:26
/api/v1/principal/attendance-shortage,student,no,403,,as expected,https://temperp.187-127-178-100.sslip.io at 2026-08-17 14:26
/api/v1/principal/attendance-shortage,parent,no,403,,as expected,https://temperp.187-127-178-100.sslip.io at 2026-08-17 14:26
/api/v1/principal/attendance-trend,seller_admin,no,200,22,reachable beyond its owners,https://temperp.187-127-178-100.sslip.io at 2026-08-17 14:26
/api/v1/principal/attendance-trend,super_admin,no,200,22,reachable beyond its owners,https://temperp.187-127-178-100.sslip.io at 2026-08-17 14:26
/api/v1/principal/attendance-trend,institution_admin,yes,200,22,as expected,https://temperp.187-127-178-100.sslip.io at 2026-08-17 14:26
/api/v1/principal/attendance-trend,hod,no,200,22,reachable beyond its owners,https://temperp.187-127-178-100.sslip.io at 2026-08-17 14:26
/api/v1/principal/attendance-trend,faculty,no,403,,as expected,https://temperp.187-127-178-100.sslip.io at 2026-08-17 14:26
/api/v1/principal/attendance-trend,finance,no,200,22,reachable beyond its owners,https://temperp.187-127-178-100.sslip.io at 2026-08-17 14:26
/api/v1/principal/attendance-trend,admissions,no,403,,as expected,https://temperp.187-127-178-100.sslip.io at 2026-08-17 14:26
/api/v1/principal/attendance-trend,hr,no,200,22,reachable beyond its owners,https://temperp.187-127-178-100.sslip.io at 2026-08-17 14:26
/api/v1/principal/attendance-trend,operations,no,403,,as expected,https://temperp.187-127-178-100.sslip.io at 2026-08-17 14:26
/api/v1/principal/attendance-trend,student,no,403,,as expected,https://temperp.187-127-178-100.sslip.io at 2026-08-17 14:26
/api/v1/principal/attendance-trend,parent,no,403,,as expected,https://temperp.187-127-178-100.sslip.io at 2026-08-17 14:26
/api/v1/principal/staff-workload,seller_admin,no,200,7,reachable beyond its owners,https://temperp.187-127-178-100.sslip.io at 2026-08-17 14:26
/api/v1/principal/staff-workload,super_admin,no,200,7,reachable beyond its owners,https://temperp.187-127-178-100.sslip.io at 2026-08-17 14:26
/api/v1/principal/staff-workload,institution_admin,yes,200,7,as expected,https://temperp.187-127-178-100.sslip.io at 2026-08-17 14:26
/api/v1/principal/staff-workload,hod,no,200,7,reachable beyond its owners,https://temperp.187-127-178-100.sslip.io at 2026-08-17 14:26
/api/v1/principal/staff-workload,faculty,no,403,,as expected,https://temperp.187-127-178-100.sslip.io at 2026-08-17 14:26
/api/v1/principal/staff-workload,finance,no,200,7,reachable beyond its owners,https://temperp.187-127-178-100.sslip.io at 2026-08-17 14:26
/api/v1/principal/staff-workload,admissions,no,403,,as expected,https://temperp.187-127-178-100.sslip.io at 2026-08-17 14:26
/api/v1/principal/staff-workload,hr,no,200,7,reachable beyond its owners,https://temperp.187-127-178-100.sslip.io at 2026-08-17 14:26
/api/v1/principal/staff-workload,operations,no,403,,as expected,https://temperp.187-127-178-100.sslip.io at 2026-08-17 14:26
/api/v1/principal/staff-workload,student,no,403,,as expected,https://temperp.187-127-178-100.sslip.io at 2026-08-17 14:26
/api/v1/principal/staff-workload,parent,no,403,,as expected,https://temperp.187-127-178-100.sslip.io at 2026-08-17 14:26
/api/v1/profile,seller_admin,no,200,,reachable beyond its owners,https://temperp.187-127-178-100.sslip.io at 2026-08-17 14:26
/api/v1/profile,super_admin,no,200,,reachable beyond its owners,https://temperp.187-127-178-100.sslip.io at 2026-08-17 14:26
/api/v1/profile,institution_admin,no,200,,reachable beyond its owners,https://temperp.187-127-178-100.sslip.io at 2026-08-17 14:26
/api/v1/profile,hod,no,200,,reachable beyond its owners,https://temperp.187-127-178-100.sslip.io at 2026-08-17 14:26
/api/v1/profile,faculty,no,200,,reachable beyond its owners,https://temperp.187-127-178-100.sslip.io at 2026-08-17 14:26
/api/v1/profile,finance,no,200,,reachable beyond its owners,https://temperp.187-127-178-100.sslip.io at 2026-08-17 14:26
/api/v1/profile,admissions,no,200,,reachable beyond its owners,https://temperp.187-127-178-100.sslip.io at 2026-08-17 14:26
/api/v1/profile,hr,no,200,,reachable beyond its owners,https://temperp.187-127-178-100.sslip.io at 2026-08-17 14:26
/api/v1/profile,operations,no,200,,reachable beyond its owners,https://temperp.187-127-178-100.sslip.io at 2026-08-17 14:26
/api/v1/profile,student,yes,200,,as expected,https://temperp.187-127-178-100.sslip.io at 2026-08-17 14:26
/api/v1/profile,parent,no,200,,reachable beyond its owners,https://temperp.187-127-178-100.sslip.io at 2026-08-17 14:26
/api/v1/seller/plans,seller_admin,yes,200,3,as expected,https://temperp.187-127-178-100.sslip.io at 2026-08-17 14:26
/api/v1/seller/plans,super_admin,no,200,3,reachable beyond its owners,https://temperp.187-127-178-100.sslip.io at 2026-08-17 14:26
/api/v1/seller/plans,institution_admin,no,403,,as expected,https://temperp.187-127-178-100.sslip.io at 2026-08-17 14:26
/api/v1/seller/plans,hod,no,403,,as expected,https://temperp.187-127-178-100.sslip.io at 2026-08-17 14:26
/api/v1/seller/plans,faculty,no,403,,as expected,https://temperp.187-127-178-100.sslip.io at 2026-08-17 14:26
/api/v1/seller/plans,finance,no,403,,as expected,https://temperp.187-127-178-100.sslip.io at 2026-08-17 14:26
/api/v1/seller/plans,admissions,no,403,,as expected,https://temperp.187-127-178-100.sslip.io at 2026-08-17 14:26
/api/v1/seller/plans,hr,no,403,,as expected,https://temperp.187-127-178-100.sslip.io at 2026-08-17 14:26
/api/v1/seller/plans,operations,no,403,,as expected,https://temperp.187-127-178-100.sslip.io at 2026-08-17 14:26
/api/v1/seller/plans,student,no,403,,as expected,https://temperp.187-127-178-100.sslip.io at 2026-08-17 14:26
/api/v1/seller/plans,parent,no,403,,as expected,https://temperp.187-127-178-100.sslip.io at 2026-08-17 14:26
/api/v1/seller/tenants,seller_admin,yes,200,1,as expected,https://temperp.187-127-178-100.sslip.io at 2026-08-17 14:26
/api/v1/seller/tenants,super_admin,no,200,1,reachable beyond its owners,https://temperp.187-127-178-100.sslip.io at 2026-08-17 14:26
/api/v1/seller/tenants,institution_admin,no,403,,as expected,https://temperp.187-127-178-100.sslip.io at 2026-08-17 14:26
/api/v1/seller/tenants,hod,no,403,,as expected,https://temperp.187-127-178-100.sslip.io at 2026-08-17 14:26
/api/v1/seller/tenants,faculty,no,403,,as expected,https://temperp.187-127-178-100.sslip.io at 2026-08-17 14:26
/api/v1/seller/tenants,finance,no,403,,as expected,https://temperp.187-127-178-100.sslip.io at 2026-08-17 14:26
/api/v1/seller/tenants,admissions,no,403,,as expected,https://temperp.187-127-178-100.sslip.io at 2026-08-17 14:26
/api/v1/seller/tenants,hr,no,403,,as expected,https://temperp.187-127-178-100.sslip.io at 2026-08-17 14:26
/api/v1/seller/tenants,operations,no,403,,as expected,https://temperp.187-127-178-100.sslip.io at 2026-08-17 14:26
/api/v1/seller/tenants,student,no,403,,as expected,https://temperp.187-127-178-100.sslip.io at 2026-08-17 14:26
/api/v1/seller/tenants,parent,no,403,,as expected,https://temperp.187-127-178-100.sslip.io at 2026-08-17 14:26
/api/v1/session,seller_admin,no,200,,reachable beyond its owners,https://temperp.187-127-178-100.sslip.io at 2026-08-17 14:26
/api/v1/session,super_admin,yes,200,,as expected,https://temperp.187-127-178-100.sslip.io at 2026-08-17 14:26
/api/v1/session,institution_admin,yes,200,,as expected,https://temperp.187-127-178-100.sslip.io at 2026-08-17 14:26
/api/v1/session,hod,no,200,,reachable beyond its owners,https://temperp.187-127-178-100.sslip.io at 2026-08-17 14:26
/api/v1/session,faculty,yes,200,,as expected,https://temperp.187-127-178-100.sslip.io at 2026-08-17 14:26
/api/v1/session,finance,no,200,,reachable beyond its owners,https://temperp.187-127-178-100.sslip.io at 2026-08-17 14:26
/api/v1/session,admissions,no,200,,reachable beyond its owners,https://temperp.187-127-178-100.sslip.io at 2026-08-17 14:26
/api/v1/session,hr,no,200,,reachable beyond its owners,https://temperp.187-127-178-100.sslip.io at 2026-08-17 14:26
/api/v1/session,operations,no,200,,reachable beyond its owners,https://temperp.187-127-178-100.sslip.io at 2026-08-17 14:26
/api/v1/session,student,yes,200,,as expected,https://temperp.187-127-178-100.sslip.io at 2026-08-17 14:26
/api/v1/session,parent,yes,200,,as expected,https://temperp.187-127-178-100.sslip.io at 2026-08-17 14:26
/api/v1/setup/campuses,seller_admin,no,400,,as expected,https://temperp.187-127-178-100.sslip.io at 2026-08-17 14:26
/api/v1/setup/campuses,super_admin,yes,200,1,as expected,https://temperp.187-127-178-100.sslip.io at 2026-08-17 14:26
/api/v1/setup/campuses,institution_admin,no,200,1,reachable beyond its owners,https://temperp.187-127-178-100.sslip.io at 2026-08-17 14:26
/api/v1/setup/campuses,hod,no,403,,as expected,https://temperp.187-127-178-100.sslip.io at 2026-08-17 14:26
/api/v1/setup/campuses,faculty,no,403,,as expected,https://temperp.187-127-178-100.sslip.io at 2026-08-17 14:26
/api/v1/setup/campuses,finance,no,403,,as expected,https://temperp.187-127-178-100.sslip.io at 2026-08-17 14:26
/api/v1/setup/campuses,admissions,no,403,,as expected,https://temperp.187-127-178-100.sslip.io at 2026-08-17 14:26
/api/v1/setup/campuses,hr,no,403,,as expected,https://temperp.187-127-178-100.sslip.io at 2026-08-17 14:26
/api/v1/setup/campuses,operations,no,403,,as expected,https://temperp.187-127-178-100.sslip.io at 2026-08-17 14:26
/api/v1/setup/campuses,student,no,403,,as expected,https://temperp.187-127-178-100.sslip.io at 2026-08-17 14:26
/api/v1/setup/campuses,parent,no,403,,as expected,https://temperp.187-127-178-100.sslip.io at 2026-08-17 14:26
/api/v1/setup/fee-heads,seller_admin,no,403,,as expected,https://temperp.187-127-178-100.sslip.io at 2026-08-17 14:26
/api/v1/setup/fee-heads,super_admin,yes,200,4,as expected,https://temperp.187-127-178-100.sslip.io at 2026-08-17 14:26
/api/v1/setup/fee-heads,institution_admin,no,200,4,reachable beyond its owners,https://temperp.187-127-178-100.sslip.io at 2026-08-17 14:26
/api/v1/setup/fee-heads,hod,no,403,,as expected,https://temperp.187-127-178-100.sslip.io at 2026-08-17 14:26
/api/v1/setup/fee-heads,faculty,no,403,,as expected,https://temperp.187-127-178-100.sslip.io at 2026-08-17 14:26
/api/v1/setup/fee-heads,finance,no,200,4,reachable beyond its owners,https://temperp.187-127-178-100.sslip.io at 2026-08-17 14:26
/api/v1/setup/fee-heads,admissions,no,403,,as expected,https://temperp.187-127-178-100.sslip.io at 2026-08-17 14:26
/api/v1/setup/fee-heads,hr,no,403,,as expected,https://temperp.187-127-178-100.sslip.io at 2026-08-17 14:26
/api/v1/setup/fee-heads,operations,no,403,,as expected,https://temperp.187-127-178-100.sslip.io at 2026-08-17 14:26
/api/v1/setup/fee-heads,student,no,403,,as expected,https://temperp.187-127-178-100.sslip.io at 2026-08-17 14:26
/api/v1/setup/fee-heads,parent,no,403,,as expected,https://temperp.187-127-178-100.sslip.io at 2026-08-17 14:26
/api/v1/setup/institution,seller_admin,no,400,,as expected,https://temperp.187-127-178-100.sslip.io at 2026-08-17 14:26
/api/v1/setup/institution,super_admin,yes,200,,as expected,https://temperp.187-127-178-100.sslip.io at 2026-08-17 14:26
/api/v1/setup/institution,institution_admin,no,200,,reachable beyond its owners,https://temperp.187-127-178-100.sslip.io at 2026-08-17 14:26
/api/v1/setup/institution,hod,no,403,,as expected,https://temperp.187-127-178-100.sslip.io at 2026-08-17 14:26
/api/v1/setup/institution,faculty,no,403,,as expected,https://temperp.187-127-178-100.sslip.io at 2026-08-17 14:26
/api/v1/setup/institution,finance,no,403,,as expected,https://temperp.187-127-178-100.sslip.io at 2026-08-17 14:26
/api/v1/setup/institution,admissions,no,403,,as expected,https://temperp.187-127-178-100.sslip.io at 2026-08-17 14:26
/api/v1/setup/institution,hr,no,403,,as expected,https://temperp.187-127-178-100.sslip.io at 2026-08-17 14:26
/api/v1/setup/institution,operations,no,403,,as expected,https://temperp.187-127-178-100.sslip.io at 2026-08-17 14:26
/api/v1/setup/institution,student,no,403,,as expected,https://temperp.187-127-178-100.sslip.io at 2026-08-17 14:26
/api/v1/setup/institution,parent,no,403,,as expected,https://temperp.187-127-178-100.sslip.io at 2026-08-17 14:26
/api/v1/setup/institution/options,seller_admin,no,200,,reachable beyond its owners,https://temperp.187-127-178-100.sslip.io at 2026-08-17 14:26
/api/v1/setup/institution/options,super_admin,yes,200,,as expected,https://temperp.187-127-178-100.sslip.io at 2026-08-17 14:26
/api/v1/setup/institution/options,institution_admin,no,200,,reachable beyond its owners,https://temperp.187-127-178-100.sslip.io at 2026-08-17 14:26
/api/v1/setup/institution/options,hod,no,403,,as expected,https://temperp.187-127-178-100.sslip.io at 2026-08-17 14:26
/api/v1/setup/institution/options,faculty,no,403,,as expected,https://temperp.187-127-178-100.sslip.io at 2026-08-17 14:26
/api/v1/setup/institution/options,finance,no,403,,as expected,https://temperp.187-127-178-100.sslip.io at 2026-08-17 14:26
/api/v1/setup/institution/options,admissions,no,403,,as expected,https://temperp.187-127-178-100.sslip.io at 2026-08-17 14:26
/api/v1/setup/institution/options,hr,no,403,,as expected,https://temperp.187-127-178-100.sslip.io at 2026-08-17 14:26
/api/v1/setup/institution/options,operations,no,403,,as expected,https://temperp.187-127-178-100.sslip.io at 2026-08-17 14:26
/api/v1/setup/institution/options,student,no,403,,as expected,https://temperp.187-127-178-100.sslip.io at 2026-08-17 14:26
/api/v1/setup/institution/options,parent,no,403,,as expected,https://temperp.187-127-178-100.sslip.io at 2026-08-17 14:26
/api/v1/students/import/template,seller_admin,no,403,,as expected,https://temperp.187-127-178-100.sslip.io at 2026-08-17 14:26
/api/v1/students/import/template,super_admin,yes,200,,as expected,https://temperp.187-127-178-100.sslip.io at 2026-08-17 14:26
/api/v1/students/import/template,institution_admin,no,200,,reachable beyond its owners,https://temperp.187-127-178-100.sslip.io at 2026-08-17 14:26
/api/v1/students/import/template,hod,no,200,,reachable beyond its owners,https://temperp.187-127-178-100.sslip.io at 2026-08-17 14:26
/api/v1/students/import/template,faculty,no,200,,reachable beyond its owners,https://temperp.187-127-178-100.sslip.io at 2026-08-17 14:26
/api/v1/students/import/template,finance,no,200,,reachable beyond its owners,https://temperp.187-127-178-100.sslip.io at 2026-08-17 14:26
/api/v1/students/import/template,admissions,no,200,,reachable beyond its owners,https://temperp.187-127-178-100.sslip.io at 2026-08-17 14:26
/api/v1/students/import/template,hr,no,403,,as expected,https://temperp.187-127-178-100.sslip.io at 2026-08-17 14:26
/api/v1/students/import/template,operations,no,200,,reachable beyond its owners,https://temperp.187-127-178-100.sslip.io at 2026-08-17 14:26
/api/v1/students/import/template,student,no,403,,as expected,https://temperp.187-127-178-100.sslip.io at 2026-08-17 14:26
/api/v1/students/import/template,parent,no,403,,as expected,https://temperp.187-127-178-100.sslip.io at 2026-08-17 14:26
/api/v1/teaching/classes,seller_admin,no,403,,as expected,https://temperp.187-127-178-100.sslip.io at 2026-08-17 14:26
/api/v1/teaching/classes,super_admin,no,200,0,reachable beyond its owners,https://temperp.187-127-178-100.sslip.io at 2026-08-17 14:26
/api/v1/teaching/classes,institution_admin,no,200,5,reachable beyond its owners,https://temperp.187-127-178-100.sslip.io at 2026-08-17 14:26
/api/v1/teaching/classes,hod,no,200,2,reachable beyond its owners,https://temperp.187-127-178-100.sslip.io at 2026-08-17 14:26
/api/v1/teaching/classes,faculty,yes,200,2,as expected,https://temperp.187-127-178-100.sslip.io at 2026-08-17 14:26
/api/v1/teaching/classes,finance,no,403,,as expected,https://temperp.187-127-178-100.sslip.io at 2026-08-17 14:26
/api/v1/teaching/classes,admissions,no,403,,as expected,https://temperp.187-127-178-100.sslip.io at 2026-08-17 14:26
/api/v1/teaching/classes,hr,no,403,,as expected,https://temperp.187-127-178-100.sslip.io at 2026-08-17 14:26
/api/v1/teaching/classes,operations,no,403,,as expected,https://temperp.187-127-178-100.sslip.io at 2026-08-17 14:26
/api/v1/teaching/classes,student,no,200,0,reachable beyond its owners,https://temperp.187-127-178-100.sslip.io at 2026-08-17 14:26
/api/v1/teaching/classes,parent,no,403,,as expected,https://temperp.187-127-178-100.sslip.io at 2026-08-17 14:26
/api/v1/teaching/my-work,seller_admin,no,403,,as expected,https://temperp.187-127-178-100.sslip.io at 2026-08-17 14:26
/api/v1/teaching/my-work,super_admin,no,200,1,reachable beyond its owners,https://temperp.187-127-178-100.sslip.io at 2026-08-17 14:26
/api/v1/teaching/my-work,institution_admin,no,200,5,reachable beyond its owners,https://temperp.187-127-178-100.sslip.io at 2026-08-17 14:26
/api/v1/teaching/my-work,hod,no,200,2,reachable beyond its owners,https://temperp.187-127-178-100.sslip.io at 2026-08-17 14:26
/api/v1/teaching/my-work,faculty,yes,200,8,as expected,https://temperp.187-127-178-100.sslip.io at 2026-08-17 14:26
/api/v1/teaching/my-work,finance,no,403,,as expected,https://temperp.187-127-178-100.sslip.io at 2026-08-17 14:26
/api/v1/teaching/my-work,admissions,no,403,,as expected,https://temperp.187-127-178-100.sslip.io at 2026-08-17 14:26
/api/v1/teaching/my-work,hr,no,403,,as expected,https://temperp.187-127-178-100.sslip.io at 2026-08-17 14:26
/api/v1/teaching/my-work,operations,no,403,,as expected,https://temperp.187-127-178-100.sslip.io at 2026-08-17 14:26
/api/v1/teaching/my-work,student,no,200,1,reachable beyond its owners,https://temperp.187-127-178-100.sslip.io at 2026-08-17 14:26
/api/v1/teaching/my-work,parent,no,403,,as expected,https://temperp.187-127-178-100.sslip.io at 2026-08-17 14:26
/api/v1/teaching/today,seller_admin,no,403,,as expected,https://temperp.187-127-178-100.sslip.io at 2026-08-17 14:26
/api/v1/teaching/today,super_admin,no,200,0,reachable beyond its owners,https://temperp.187-127-178-100.sslip.io at 2026-08-17 14:26
/api/v1/teaching/today,institution_admin,no,200,3,reachable beyond its owners,https://temperp.187-127-178-100.sslip.io at 2026-08-17 14:26
/api/v1/teaching/today,hod,no,200,0,reachable beyond its owners,https://temperp.187-127-178-100.sslip.io at 2026-08-17 14:26
/api/v1/teaching/today,faculty,yes,200,5,as expected,https://temperp.187-127-178-100.sslip.io at 2026-08-17 14:26
/api/v1/teaching/today,finance,no,403,,as expected,https://temperp.187-127-178-100.sslip.io at 2026-08-17 14:26
/api/v1/teaching/today,admissions,no,403,,as expected,https://temperp.187-127-178-100.sslip.io at 2026-08-17 14:26
/api/v1/teaching/today,hr,no,403,,as expected,https://temperp.187-127-178-100.sslip.io at 2026-08-17 14:26
/api/v1/teaching/today,operations,no,403,,as expected,https://temperp.187-127-178-100.sslip.io at 2026-08-17 14:26
/api/v1/teaching/today,student,no,200,0,reachable beyond its owners,https://temperp.187-127-178-100.sslip.io at 2026-08-17 14:26
/api/v1/teaching/today,parent,no,403,,as expected,https://temperp.187-127-178-100.sslip.io at 2026-08-17 14:26
/api/v1/timetable/entries,seller_admin,no,403,,as expected,https://temperp.187-127-178-100.sslip.io at 2026-08-17 14:26
/api/v1/timetable/entries,super_admin,no,200,25,reachable beyond its owners,https://temperp.187-127-178-100.sslip.io at 2026-08-17 14:26
/api/v1/timetable/entries,institution_admin,yes,200,25,as expected,https://temperp.187-127-178-100.sslip.io at 2026-08-17 14:26
/api/v1/timetable/entries,hod,no,200,25,reachable beyond its owners,https://temperp.187-127-178-100.sslip.io at 2026-08-17 14:26
/api/v1/timetable/entries,faculty,yes,200,25,as expected,https://temperp.187-127-178-100.sslip.io at 2026-08-17 14:26
/api/v1/timetable/entries,finance,no,403,,as expected,https://temperp.187-127-178-100.sslip.io at 2026-08-17 14:26
/api/v1/timetable/entries,admissions,no,403,,as expected,https://temperp.187-127-178-100.sslip.io at 2026-08-17 14:26
/api/v1/timetable/entries,hr,no,403,,as expected,https://temperp.187-127-178-100.sslip.io at 2026-08-17 14:26
/api/v1/timetable/entries,operations,no,403,,as expected,https://temperp.187-127-178-100.sslip.io at 2026-08-17 14:26
/api/v1/timetable/entries,student,yes,200,25,as expected,https://temperp.187-127-178-100.sslip.io at 2026-08-17 14:26
/api/v1/timetable/entries,parent,no,403,,as expected,https://temperp.187-127-178-100.sslip.io at 2026-08-17 14:26
/api/v1/timetable/periods,seller_admin,no,403,,as expected,https://temperp.187-127-178-100.sslip.io at 2026-08-17 14:26
/api/v1/timetable/periods,super_admin,yes,200,6,as expected,https://temperp.187-127-178-100.sslip.io at 2026-08-17 14:26
/api/v1/timetable/periods,institution_admin,yes,200,6,as expected,https://temperp.187-127-178-100.sslip.io at 2026-08-17 14:26
/api/v1/timetable/periods,hod,no,200,6,reachable beyond its owners,https://temperp.187-127-178-100.sslip.io at 2026-08-17 14:26
/api/v1/timetable/periods,faculty,yes,200,6,as expected,https://temperp.187-127-178-100.sslip.io at 2026-08-17 14:26
/api/v1/timetable/periods,finance,no,403,,as expected,https://temperp.187-127-178-100.sslip.io at 2026-08-17 14:26
/api/v1/timetable/periods,admissions,no,403,,as expected,https://temperp.187-127-178-100.sslip.io at 2026-08-17 14:26
/api/v1/timetable/periods,hr,no,403,,as expected,https://temperp.187-127-178-100.sslip.io at 2026-08-17 14:26
/api/v1/timetable/periods,operations,no,403,,as expected,https://temperp.187-127-178-100.sslip.io at 2026-08-17 14:26
/api/v1/timetable/periods,student,yes,200,6,as expected,https://temperp.187-127-178-100.sslip.io at 2026-08-17 14:26
/api/v1/timetable/periods,parent,no,403,,as expected,https://temperp.187-127-178-100.sslip.io at 2026-08-17 14:26
/api/v1/timetable/teachers,seller_admin,no,403,,as expected,https://temperp.187-127-178-100.sslip.io at 2026-08-17 14:26
/api/v1/timetable/teachers,super_admin,yes,200,7,as expected,https://temperp.187-127-178-100.sslip.io at 2026-08-17 14:26
/api/v1/timetable/teachers,institution_admin,yes,200,7,as expected,https://temperp.187-127-178-100.sslip.io at 2026-08-17 14:26
/api/v1/timetable/teachers,hod,no,200,7,reachable beyond its owners,https://temperp.187-127-178-100.sslip.io at 2026-08-17 14:26
/api/v1/timetable/teachers,faculty,yes,200,7,as expected,https://temperp.187-127-178-100.sslip.io at 2026-08-17 14:26
/api/v1/timetable/teachers,finance,no,403,,as expected,https://temperp.187-127-178-100.sslip.io at 2026-08-17 14:26
/api/v1/timetable/teachers,admissions,no,403,,as expected,https://temperp.187-127-178-100.sslip.io at 2026-08-17 14:26
/api/v1/timetable/teachers,hr,no,403,,as expected,https://temperp.187-127-178-100.sslip.io at 2026-08-17 14:26
/api/v1/timetable/teachers,operations,no,403,,as expected,https://temperp.187-127-178-100.sslip.io at 2026-08-17 14:26
/api/v1/timetable/teachers,student,yes,200,7,as expected,https://temperp.187-127-178-100.sslip.io at 2026-08-17 14:26
/api/v1/timetable/teachers,parent,no,403,,as expected,https://temperp.187-127-178-100.sslip.io at 2026-08-17 14:26
/api/v1/workflow/approvals,seller_admin,no,200,0,reachable beyond its owners,https://temperp.187-127-178-100.sslip.io at 2026-08-17 14:26
/api/v1/workflow/approvals,super_admin,no,200,0,reachable beyond its owners,https://temperp.187-127-178-100.sslip.io at 2026-08-17 14:26
/api/v1/workflow/approvals,institution_admin,yes,200,0,as expected,https://temperp.187-127-178-100.sslip.io at 2026-08-17 14:26
/api/v1/workflow/approvals,hod,yes,200,0,as expected,https://temperp.187-127-178-100.sslip.io at 2026-08-17 14:26
/api/v1/workflow/approvals,faculty,no,200,0,reachable beyond its owners,https://temperp.187-127-178-100.sslip.io at 2026-08-17 14:26
/api/v1/workflow/approvals,finance,no,200,0,reachable beyond its owners,https://temperp.187-127-178-100.sslip.io at 2026-08-17 14:26
/api/v1/workflow/approvals,admissions,no,200,0,reachable beyond its owners,https://temperp.187-127-178-100.sslip.io at 2026-08-17 14:26
/api/v1/workflow/approvals,hr,yes,200,0,as expected,https://temperp.187-127-178-100.sslip.io at 2026-08-17 14:26
/api/v1/workflow/approvals,operations,no,200,0,reachable beyond its owners,https://temperp.187-127-178-100.sslip.io at 2026-08-17 14:26
/api/v1/workflow/approvals,student,no,200,0,reachable beyond its owners,https://temperp.187-127-178-100.sslip.io at 2026-08-17 14:26
/api/v1/workflow/approvals,parent,no,200,0,reachable beyond its owners,https://temperp.187-127-178-100.sslip.io at 2026-08-17 14:26
