Role,Screen,Permission key,Built?,Action,Button,What it does,Remarks
Accounts & Finance,Accounting & tax reports,finance.banking_reports.accounting_tax_reports,yes,Download,Download the XML,"Saves a PDF the server draws, such as a receipt",
Accounts & Finance,Accounting & tax reports,finance.banking_reports.accounting_tax_reports,yes,Export,Export (table to spreadsheet),"This table as a spreadsheet, opens in Excel",
Accounts & Finance,Accounting & tax reports,finance.banking_reports.accounting_tax_reports,yes,Export,Reading the export history…,"This table as a spreadsheet, opens in Excel",
Accounts & Finance,Accounting & tax reports,finance.banking_reports.accounting_tax_reports,yes,Import,Upload a file,Upload a filled spreadsheet to add or update many records,
Accounts & Finance,Accounting & tax reports,finance.banking_reports.accounting_tax_reports,yes,Import,Upload a picture,Upload a filled spreadsheet to add or update many records,
Accounts & Finance,Accounting & tax reports,finance.banking_reports.accounting_tax_reports,yes,Print,Print,"Print preview on the letterhead, then print or save as PDF",
Accounts & Finance,Approve & pay salaries,finance.accounts.approve_pay_salaries,yes,Download,Download the XML,"Saves a PDF the server draws, such as a receipt",
Accounts & Finance,Approve & pay salaries,finance.accounts.approve_pay_salaries,yes,Export,Export (table to spreadsheet),"This table as a spreadsheet, opens in Excel",
Accounts & Finance,Approve & pay salaries,finance.accounts.approve_pay_salaries,yes,Export,Reading the export history…,"This table as a spreadsheet, opens in Excel",
Accounts & Finance,Approve & pay salaries,finance.accounts.approve_pay_salaries,yes,Import,Upload a file,Upload a filled spreadsheet to add or update many records,
Accounts & Finance,Approve & pay salaries,finance.accounts.approve_pay_salaries,yes,Import,Upload a picture,Upload a filled spreadsheet to add or update many records,
Accounts & Finance,Approve & pay salaries,finance.accounts.approve_pay_salaries,yes,Print,Print,"Print preview on the letterhead, then print or save as PDF",
Accounts & Finance,Automated Fee Reminders,finance.student_dues.automated_fee_reminders,yes,Export,Export (table to spreadsheet),"This table as a spreadsheet, opens in Excel",
Accounts & Finance,Cafeteria & store sales,finance.campus_money.cafeteria_store_sales,yes,Download,Download the XML,"Saves a PDF the server draws, such as a receipt",
Accounts & Finance,Cafeteria & store sales,finance.campus_money.cafeteria_store_sales,yes,Export,Export (table to spreadsheet),"This table as a spreadsheet, opens in Excel",
Accounts & Finance,Cafeteria & store sales,finance.campus_money.cafeteria_store_sales,yes,Export,Reading the export history…,"This table as a spreadsheet, opens in Excel",
Accounts & Finance,Cafeteria & store sales,finance.campus_money.cafeteria_store_sales,yes,Import,Upload a file,Upload a filled spreadsheet to add or update many records,
Accounts & Finance,Cafeteria & store sales,finance.campus_money.cafeteria_store_sales,yes,Import,Upload a picture,Upload a filled spreadsheet to add or update many records,
Accounts & Finance,Cafeteria & store sales,finance.campus_money.cafeteria_store_sales,yes,Print,Print,"Print preview on the letterhead, then print or save as PDF",
Accounts & Finance,Class & transport fee setup,finance.fees.class_transport_fee_setup,yes,Download,Download the XML,"Saves a PDF the server draws, such as a receipt",
Accounts & Finance,Class & transport fee setup,finance.fees.class_transport_fee_setup,yes,Export,Export (table to spreadsheet),"This table as a spreadsheet, opens in Excel",
Accounts & Finance,Class & transport fee setup,finance.fees.class_transport_fee_setup,yes,Export,Reading the export history…,"This table as a spreadsheet, opens in Excel",
Accounts & Finance,Class & transport fee setup,finance.fees.class_transport_fee_setup,yes,Import,Upload a file,Upload a filled spreadsheet to add or update many records,
Accounts & Finance,Class & transport fee setup,finance.fees.class_transport_fee_setup,yes,Import,Upload a picture,Upload a filled spreadsheet to add or update many records,
Accounts & Finance,Class & transport fee setup,finance.fees.class_transport_fee_setup,yes,Print,Print,"Print preview on the letterhead, then print or save as PDF",
Accounts & Finance,Dashboard,finance.home.dashboard,yes,Export,Export (table to spreadsheet),"This table as a spreadsheet, opens in Excel",
Accounts & Finance,Donations & aid,finance.campus_money.donations_aid,yes,Download,Download the XML,"Saves a PDF the server draws, such as a receipt",
Accounts & Finance,Donations & aid,finance.campus_money.donations_aid,yes,Export,Export (table to spreadsheet),"This table as a spreadsheet, opens in Excel",
Accounts & Finance,Donations & aid,finance.campus_money.donations_aid,yes,Export,Reading the export history…,"This table as a spreadsheet, opens in Excel",
Accounts & Finance,Donations & aid,finance.campus_money.donations_aid,yes,Import,Upload a file,Upload a filled spreadsheet to add or update many records,
Accounts & Finance,Donations & aid,finance.campus_money.donations_aid,yes,Import,Upload a picture,Upload a filled spreadsheet to add or update many records,
Accounts & Finance,Donations & aid,finance.campus_money.donations_aid,yes,Print,Print,"Print preview on the letterhead, then print or save as PDF",
Accounts & Finance,Match bank records,finance.banking_reports.match_bank_records,yes,Download,Download the XML,"Saves a PDF the server draws, such as a receipt",
Accounts & Finance,Match bank records,finance.banking_reports.match_bank_records,yes,Export,Export (table to spreadsheet),"This table as a spreadsheet, opens in Excel",
Accounts & Finance,Match bank records,finance.banking_reports.match_bank_records,yes,Export,Reading the export history…,"This table as a spreadsheet, opens in Excel",
Accounts & Finance,Match bank records,finance.banking_reports.match_bank_records,yes,Import,Upload a file,Upload a filled spreadsheet to add or update many records,
Accounts & Finance,Match bank records,finance.banking_reports.match_bank_records,yes,Import,Upload a picture,Upload a filled spreadsheet to add or update many records,
Accounts & Finance,Match bank records,finance.banking_reports.match_bank_records,yes,Print,Print,"Print preview on the letterhead, then print or save as PDF",
Accounts & Finance,My pay,finance.my_profile.my_pay,yes,Export,Export (table to spreadsheet),"This table as a spreadsheet, opens in Excel",
Accounts & Finance,Online fee portal,finance.fees.online_fee_portal,yes,Export,Export (table to spreadsheet),"This table as a spreadsheet, opens in Excel",
Accounts & Finance,School property & budgeting,finance.accounts.school_property_budgeting,yes,Download,Download the XML,"Saves a PDF the server draws, such as a receipt",
Accounts & Finance,School property & budgeting,finance.accounts.school_property_budgeting,yes,Export,Export (table to spreadsheet),"This table as a spreadsheet, opens in Excel",
Accounts & Finance,School property & budgeting,finance.accounts.school_property_budgeting,yes,Export,Reading the export history…,"This table as a spreadsheet, opens in Excel",
Accounts & Finance,School property & budgeting,finance.accounts.school_property_budgeting,yes,Import,Upload a file,Upload a filled spreadsheet to add or update many records,
Accounts & Finance,School property & budgeting,finance.accounts.school_property_budgeting,yes,Import,Upload a picture,Upload a filled spreadsheet to add or update many records,
Accounts & Finance,School property & budgeting,finance.accounts.school_property_budgeting,yes,Print,Print,"Print preview on the letterhead, then print or save as PDF",
Accounts & Finance,Student wallets,finance.fees.student_wallets,yes,Export,Export (table to spreadsheet),"This table as a spreadsheet, opens in Excel",
Accounts & Finance,Take fee payment,finance.fees.take_fee_payment,yes,Download,Download (a file the server draws),"Saves a PDF the server draws, such as a receipt",
Accounts & Finance,Take fee payment,finance.fees.take_fee_payment,yes,Export,Export (table to spreadsheet),"This table as a spreadsheet, opens in Excel",
Accounts & Finance,Take fee payment,finance.fees.take_fee_payment,yes,Print,Print,"Print preview on the letterhead, then print or save as PDF",
Accounts & Finance,Unpaid fees & reminders,finance.fees.unpaid_fees_reminders,yes,Download,Download the XML,"Saves a PDF the server draws, such as a receipt",
Accounts & Finance,Unpaid fees & reminders,finance.fees.unpaid_fees_reminders,yes,Export,Export (table to spreadsheet),"This table as a spreadsheet, opens in Excel",
Accounts & Finance,Unpaid fees & reminders,finance.fees.unpaid_fees_reminders,yes,Export,Reading the export history…,"This table as a spreadsheet, opens in Excel",
Accounts & Finance,Unpaid fees & reminders,finance.fees.unpaid_fees_reminders,yes,Import,Upload a file,Upload a filled spreadsheet to add or update many records,
Accounts & Finance,Unpaid fees & reminders,finance.fees.unpaid_fees_reminders,yes,Import,Upload a picture,Upload a filled spreadsheet to add or update many records,
Accounts & Finance,Unpaid fees & reminders,finance.fees.unpaid_fees_reminders,yes,Print,Print,"Print preview on the letterhead, then print or save as PDF",
Accounts & Finance,Vendor bills & petty cash,finance.accounts.vendor_bills_petty_cash,yes,Download,Download the XML,"Saves a PDF the server draws, such as a receipt",
Accounts & Finance,Vendor bills & petty cash,finance.accounts.vendor_bills_petty_cash,yes,Export,Export (table to spreadsheet),"This table as a spreadsheet, opens in Excel",
Accounts & Finance,Vendor bills & petty cash,finance.accounts.vendor_bills_petty_cash,yes,Export,Reading the export history…,"This table as a spreadsheet, opens in Excel",
Accounts & Finance,Vendor bills & petty cash,finance.accounts.vendor_bills_petty_cash,yes,Import,Upload a file,Upload a filled spreadsheet to add or update many records,
Accounts & Finance,Vendor bills & petty cash,finance.accounts.vendor_bills_petty_cash,yes,Import,Upload a picture,Upload a filled spreadsheet to add or update many records,
Accounts & Finance,Vendor bills & petty cash,finance.accounts.vendor_bills_petty_cash,yes,Print,Print,"Print preview on the letterhead, then print or save as PDF",
Activity / Sports Coordinator,Achievements showcase,activity_coord.activities.achievements_showcase,yes,Export,Export (table to spreadsheet),"This table as a spreadsheet, opens in Excel",
Activity / Sports Coordinator,Circulars,activity_coord.activities.circulars,yes,Export,Export (table to spreadsheet),"This table as a spreadsheet, opens in Excel",
Activity / Sports Coordinator,Circulars,activity_coord.activities.circulars,yes,Import,Upload a file,Upload a filled spreadsheet to add or update many records,
Activity / Sports Coordinator,Clubs & activities,activity_coord.activities.clubs_activities,yes,Download,Download (a file the server draws),"Saves a PDF the server draws, such as a receipt",
Activity / Sports Coordinator,Clubs & activities,activity_coord.activities.clubs_activities,yes,Export,Export,"This table as a spreadsheet, opens in Excel",
Activity / Sports Coordinator,Clubs & activities,activity_coord.activities.clubs_activities,yes,Export,Export (table to spreadsheet),"This table as a spreadsheet, opens in Excel",
Activity / Sports Coordinator,My pay,activity_coord.my_profile.my_pay,yes,Export,Export (table to spreadsheet),"This table as a spreadsheet, opens in Excel",
Admissions & Front Office,Admission reports,admissions.reports.admission_reports,yes,Export,Export (table to spreadsheet),"This table as a spreadsheet, opens in Excel",
Admissions & Front Office,Applicant communication,admissions.communication.applicant_communication,yes,Export,Export (table to spreadsheet),"This table as a spreadsheet, opens in Excel",
Admissions & Front Office,Application Forms,admissions.applications.application_forms,yes,Export,Export (table to spreadsheet),"This table as a spreadsheet, opens in Excel",
Admissions & Front Office,Application Forms,admissions.applications.application_forms,yes,Print,Print,"Print preview on the letterhead, then print or save as PDF",
Admissions & Front Office,Assign Leads,admissions.enquiries.assign_leads,yes,Export,Export (table to spreadsheet),"This table as a spreadsheet, opens in Excel",
Admissions & Front Office,Assign Leads,admissions.enquiries.assign_leads,yes,Import,Upload a file,Upload a filled spreadsheet to add or update many records,
Admissions & Front Office,Campus Visits,admissions.enquiries.campus_visits,yes,Export,Export (table to spreadsheet),"This table as a spreadsheet, opens in Excel",
Admissions & Front Office,Campus Visits,admissions.enquiries.campus_visits,yes,Import,Upload a file,Upload a filled spreadsheet to add or update many records,
Admissions & Front Office,Certificates & transfers,admissions.applications.certificates_transfers,yes,Export,Export (table to spreadsheet),"This table as a spreadsheet, opens in Excel",
Admissions & Front Office,Certificates & transfers,admissions.applications.certificates_transfers,yes,Import,Upload the certificate background,Upload a filled spreadsheet to add or update many records,
Admissions & Front Office,Certificates & transfers,admissions.applications.certificates_transfers,yes,Import,Upload the signature,Upload a filled spreadsheet to add or update many records,
Admissions & Front Office,Document Verification,admissions.applications.document_verification,yes,Export,Export (table to spreadsheet),"This table as a spreadsheet, opens in Excel",
Admissions & Front Office,Document Verification,admissions.applications.document_verification,yes,Print,Print,"Print preview on the letterhead, then print or save as PDF",
Admissions & Front Office,Dropped leads,admissions.reports.dropped_leads,yes,Export,Export (table to spreadsheet),"This table as a spreadsheet, opens in Excel",
Admissions & Front Office,Enquiries,admissions.enquiries.enquiries,yes,Export,Export (table to spreadsheet),"This table as a spreadsheet, opens in Excel",
Admissions & Front Office,Fee & Enrollment,admissions.admissions.fee_enrollment,yes,Export,Export (table to spreadsheet),"This table as a spreadsheet, opens in Excel",
Admissions & Front Office,Follow-up Calls,admissions.enquiries.follow_up_calls,yes,Export,Export (table to spreadsheet),"This table as a spreadsheet, opens in Excel",
Admissions & Front Office,Form Builder,admissions.applications.form_builder,yes,Export,Export (table to spreadsheet),"This table as a spreadsheet, opens in Excel",
Admissions & Front Office,Front desk,admissions.front_desk.front_desk,yes,Export,Export (table to spreadsheet),"This table as a spreadsheet, opens in Excel",
Admissions & Front Office,My pay,admissions.my_profile.my_pay,yes,Export,Export (table to spreadsheet),"This table as a spreadsheet, opens in Excel",
Admissions & Front Office,RTE Quota,admissions.admissions.rte_quota,yes,Export,Export (table to spreadsheet),"This table as a spreadsheet, opens in Excel",
Admissions & Front Office,Student 360,admissions.applications.student_360,yes,Export,Export (table to spreadsheet),"This table as a spreadsheet, opens in Excel",
Admissions & Front Office,Waitlist,admissions.admissions.waitlist,yes,Export,Export (table to spreadsheet),"This table as a spreadsheet, opens in Excel",
Admissions & Front Office,Waitlist,admissions.admissions.waitlist,yes,Import,Upload a file,Upload a filled spreadsheet to add or update many records,
Board / Trustee,Collections & dues,board_member.money.collections_dues,yes,Export,Export (table to spreadsheet),"This table as a spreadsheet, opens in Excel",
Board / Trustee,Fee overview,board_member.money.fee_overview,yes,Download,Download (a file the server draws),"Saves a PDF the server draws, such as a receipt",
Board / Trustee,Fee overview,board_member.money.fee_overview,yes,Export,Export (table to spreadsheet),"This table as a spreadsheet, opens in Excel",
Board / Trustee,Fee overview,board_member.money.fee_overview,yes,Export,Export by class,"This table as a spreadsheet, opens in Excel",
Board / Trustee,Fee overview,board_member.money.fee_overview,yes,Print,Print,"Print preview on the letterhead, then print or save as PDF",
Board / Trustee,Reports,board_member.reports.reports,yes,Export,Export (table to spreadsheet),"This table as a spreadsheet, opens in Excel",
Board / Trustee,Where the money goes,board_member.home.where_the_money_goes,yes,Export,Export (table to spreadsheet),"This table as a spreadsheet, opens in Excel",
Counsellor,Conduct notes,counsellor.counselling.conduct_notes,yes,Export,Export (table to spreadsheet),"This table as a spreadsheet, opens in Excel",
Counsellor,Family conversations,counsellor.counselling.family_conversations,yes,Export,Export (table to spreadsheet),"This table as a spreadsheet, opens in Excel",
Counsellor,Health records,counsellor.counselling.health_records,yes,Export,Export (table to spreadsheet),"This table as a spreadsheet, opens in Excel",
Counsellor,My pay,counsellor.my_profile.my_pay,yes,Export,Export (table to spreadsheet),"This table as a spreadsheet, opens in Excel",
Discipline Officer,Conduct notes,discipline_officer.discipline.conduct_notes,yes,Export,Export (table to spreadsheet),"This table as a spreadsheet, opens in Excel",
Discipline Officer,Incident log,discipline_officer.discipline.incident_log,yes,Export,Export (table to spreadsheet),"This table as a spreadsheet, opens in Excel",
Discipline Officer,My pay,discipline_officer.my_profile.my_pay,yes,Export,Export (table to spreadsheet),"This table as a spreadsheet, opens in Excel",
Driver / Bus Attendant,My bus & route,driver.transport.my_bus_route,yes,Export,Export (table to spreadsheet),"This table as a spreadsheet, opens in Excel",
Driver / Bus Attendant,My pay,driver.my_profile.my_pay,yes,Export,Export (table to spreadsheet),"This table as a spreadsheet, opens in Excel",
Driver / Bus Attendant,My run,driver.home.my_run,yes,Export,Export (table to spreadsheet),"This table as a spreadsheet, opens in Excel",
Examination Controller,Exams & papers,exam_controller.examinations.exams_papers,yes,Export,Export (table to spreadsheet),"This table as a spreadsheet, opens in Excel",
Examination Controller,Hall tickets & seating,exam_controller.examinations.hall_tickets_seating,yes,Export,Export (table to spreadsheet),"This table as a spreadsheet, opens in Excel",
Examination Controller,Hall tickets & seating,exam_controller.examinations.hall_tickets_seating,yes,Print,Print,"Print preview on the letterhead, then print or save as PDF",
Examination Controller,Hall tickets & seating,exam_controller.examinations.hall_tickets_seating,yes,Print,Print ticket,"Print preview on the letterhead, then print or save as PDF",
Examination Controller,My pay,exam_controller.my_profile.my_pay,yes,Export,Export (table to spreadsheet),"This table as a spreadsheet, opens in Excel",
Examination Controller,Performance overview,exam_controller.examinations.performance_overview,yes,Export,Export (table to spreadsheet),"This table as a spreadsheet, opens in Excel",
Examination Controller,Report cards,exam_controller.examinations.report_cards,yes,Export,Export (table to spreadsheet),"This table as a spreadsheet, opens in Excel",
Examination Controller,Report cards,exam_controller.examinations.report_cards,yes,Import,Upload a file,Upload a filled spreadsheet to add or update many records,
Examination Controller,Report cards,exam_controller.examinations.report_cards,yes,Print,Print,"Print preview on the letterhead, then print or save as PDF",
Faculty / Teacher,AI Examcell Paper Generator,faculty.question_papers_online_tests.ai_examcell_paper_generator,yes,Export,Export (table to spreadsheet),"This table as a spreadsheet, opens in Excel",
Faculty / Teacher,AI Examcell Paper Generator,faculty.question_papers_online_tests.ai_examcell_paper_generator,yes,Print,Print the paper,"Print preview on the letterhead, then print or save as PDF",
Faculty / Teacher,Assignments & submissions,faculty.teaching.assignments_submissions,yes,Export,Export (table to spreadsheet),"This table as a spreadsheet, opens in Excel",
Faculty / Teacher,Attendance correction,faculty.attendance.attendance_correction,yes,Export,Export (table to spreadsheet),"This table as a spreadsheet, opens in Excel",
Faculty / Teacher,Behaviour,faculty.my_classes.behaviour,yes,Export,Export (table to spreadsheet),"This table as a spreadsheet, opens in Excel",
Faculty / Teacher,CCE Formative Assessment Entry,faculty.assessment_schemes.cce_formative_assessment_entry,yes,Export,Export (table to spreadsheet),"This table as a spreadsheet, opens in Excel",
Faculty / Teacher,CCE Summative Assessment Entry,faculty.assessment_schemes.cce_summative_assessment_entry,yes,Export,Export (table to spreadsheet),"This table as a spreadsheet, opens in Excel",
Faculty / Teacher,Class 360,faculty.my_classes.class_360,yes,Export,Export (table to spreadsheet),"This table as a spreadsheet, opens in Excel",
Faculty / Teacher,Class Status,faculty.communication.class_status,yes,Download,Download (a file the server draws),"Saves a PDF the server draws, such as a receipt",
Faculty / Teacher,Class Status,faculty.communication.class_status,yes,Import,Upload a file,Upload a filled spreadsheet to add or update many records,
Faculty / Teacher,Homework / classwork,faculty.teaching.homework_classwork,yes,Export,Export (table to spreadsheet),"This table as a spreadsheet, opens in Excel",
Faculty / Teacher,LMS Study Material Upload,faculty.teaching.lms_study_material_upload,yes,Download,Download (a file the server draws),"Saves a PDF the server draws, such as a receipt",
Faculty / Teacher,LMS Study Material Upload,faculty.teaching.lms_study_material_upload,yes,Export,Export (table to spreadsheet),"This table as a spreadsheet, opens in Excel",
Faculty / Teacher,LMS Study Material Upload,faculty.teaching.lms_study_material_upload,yes,Import,Upload a file,Upload a filled spreadsheet to add or update many records,
Faculty / Teacher,Leave & self service,faculty.my_profile.leave_self_service,yes,Export,Export (table to spreadsheet),"This table as a spreadsheet, opens in Excel",
Faculty / Teacher,Leave & self service,faculty.my_profile.leave_self_service,yes,Print,Print,"Print preview on the letterhead, then print or save as PDF",
Faculty / Teacher,Lesson plans / content,faculty.teaching.lesson_plans_content,yes,Export,Export (table to spreadsheet),"This table as a spreadsheet, opens in Excel",
Faculty / Teacher,Marks entry,faculty.marks_report_cards.marks_entry,yes,Export,Export (table to spreadsheet),"This table as a spreadsheet, opens in Excel",
Faculty / Teacher,Marks entry,faculty.marks_report_cards.marks_entry,yes,Import,Upload a file,Upload a filled spreadsheet to add or update many records,
Faculty / Teacher,Marks entry,faculty.marks_report_cards.marks_entry,yes,Print,Print,"Print preview on the letterhead, then print or save as PDF",
Faculty / Teacher,My pay,faculty.my_profile.my_pay,yes,Export,Export (table to spreadsheet),"This table as a spreadsheet, opens in Excel",
Faculty / Teacher,My students,faculty.my_classes.student_details,yes,Export,Export (table to spreadsheet),"This table as a spreadsheet, opens in Excel",
Faculty / Teacher,My timetable,faculty.timetable.my_timetable,yes,Export,Export (table to spreadsheet),"This table as a spreadsheet, opens in Excel",
Faculty / Teacher,My timetable,faculty.timetable.my_timetable,yes,Print,Print,"Print preview on the letterhead, then print or save as PDF",
Faculty / Teacher,Objective Online Test Creation,faculty.question_papers_online_tests.objective_online_test_creation,yes,Export,Export (table to spreadsheet),"This table as a spreadsheet, opens in Excel",
Faculty / Teacher,Offline Attendance & Diary Capture,faculty.attendance.offline_attendance_diary_capture,yes,Export,Export (table to spreadsheet),"This table as a spreadsheet, opens in Excel",
Faculty / Teacher,Present & absent,faculty.attendance.student_absentees,yes,Export,Export (table to spreadsheet),"This table as a spreadsheet, opens in Excel",
Faculty / Teacher,Question Bank Management,faculty.question_papers_online_tests.question_bank_management,yes,Export,Export (table to spreadsheet),"This table as a spreadsheet, opens in Excel",
Faculty / Teacher,Question Bank Management,faculty.question_papers_online_tests.question_bank_management,yes,Import,Upload a file,Upload a filled spreadsheet to add or update many records,
Faculty / Teacher,Report cards,faculty.marks_report_cards.report_cards,yes,Export,Export (table to spreadsheet),"This table as a spreadsheet, opens in Excel",
Faculty / Teacher,Report cards,faculty.marks_report_cards.report_cards,yes,Import,Upload a file,Upload a filled spreadsheet to add or update many records,
Faculty / Teacher,Report cards,faculty.marks_report_cards.report_cards,yes,Print,Print,"Print preview on the letterhead, then print or save as PDF",
Faculty / Teacher,Student progress,faculty.my_classes.student_progress,yes,Export,Export (table to spreadsheet),"This table as a spreadsheet, opens in Excel",
Faculty / Teacher,Substitution Request Submission,faculty.timetable.substitution_request_submission,yes,Export,Export (table to spreadsheet),"This table as a spreadsheet, opens in Excel",
Faculty / Teacher,Take attendance,faculty.attendance.take_attendance,yes,Export,Export (table to spreadsheet),"This table as a spreadsheet, opens in Excel",
Faculty / Teacher,Take attendance,faculty.attendance.take_attendance,yes,Export,Export 90 days,"This table as a spreadsheet, opens in Excel",
Faculty / Teacher,Take attendance (whole school),faculty.attendance.take_attendance_school,yes,Export,Export (table to spreadsheet),"This table as a spreadsheet, opens in Excel",
Faculty / Teacher,Take attendance (whole school),faculty.attendance.take_attendance_school,yes,Export,Export 90 days,"This table as a spreadsheet, opens in Excel",
HOD / Department Head,Class timetable,hod.timetable.class_timetable,yes,Export,Export (table to spreadsheet),"This table as a spreadsheet, opens in Excel",
HOD / Department Head,Dashboard,hod.home.dashboard,yes,Export,Export (table to spreadsheet),"This table as a spreadsheet, opens in Excel",
HOD / Department Head,Department timetable,hod.timetable.department_timetable,yes,Export,Export (table to spreadsheet),"This table as a spreadsheet, opens in Excel",
HOD / Department Head,Faculty allocation,hod.academics.faculty_allocation,yes,Export,Export (table to spreadsheet),"This table as a spreadsheet, opens in Excel",
HOD / Department Head,Homework / classwork,hod.teaching.homework_classwork,yes,Export,Export (table to spreadsheet),"This table as a spreadsheet, opens in Excel",
HOD / Department Head,Language subject allocation,hod.academics.language_subject_allocation,yes,Export,Export (table to spreadsheet),"This table as a spreadsheet, opens in Excel",
HOD / Department Head,Leave & self service,hod.my_profile.leave_self_service,yes,Export,Export (table to spreadsheet),"This table as a spreadsheet, opens in Excel",
HOD / Department Head,Leave & self service,hod.my_profile.leave_self_service,yes,Print,Print,"Print preview on the letterhead, then print or save as PDF",
HOD / Department Head,Leaves & Subs,hod.staff.leaves_subs,yes,Export,Export (table to spreadsheet),"This table as a spreadsheet, opens in Excel",
HOD / Department Head,Leaves & Subs,hod.staff.leaves_subs,yes,Print,Print,"Print preview on the letterhead, then print or save as PDF",
HOD / Department Head,Lesson plans / content,hod.teaching.lesson_plans_content,yes,Export,Export (table to spreadsheet),"This table as a spreadsheet, opens in Excel",
HOD / Department Head,Mark moderation,hod.exams.mark_moderation,yes,Export,Export (table to spreadsheet),"This table as a spreadsheet, opens in Excel",
HOD / Department Head,Marks entry,hod.marks_report_cards.marks_entry,yes,Export,Export (table to spreadsheet),"This table as a spreadsheet, opens in Excel",
HOD / Department Head,Marks entry,hod.marks_report_cards.marks_entry,yes,Import,Upload a file,Upload a filled spreadsheet to add or update many records,
HOD / Department Head,Marks entry,hod.marks_report_cards.marks_entry,yes,Print,Print,"Print preview on the letterhead, then print or save as PDF",
HOD / Department Head,My pay,hod.my_profile.my_pay,yes,Export,Export (table to spreadsheet),"This table as a spreadsheet, opens in Excel",
HOD / Department Head,My timetable,hod.timetable.my_timetable,yes,Export,Export (table to spreadsheet),"This table as a spreadsheet, opens in Excel",
HOD / Department Head,My timetable,hod.timetable.my_timetable,yes,Print,Print,"Print preview on the letterhead, then print or save as PDF",
HOD / Department Head,Report cards,hod.marks_report_cards.report_cards,yes,Export,Export (table to spreadsheet),"This table as a spreadsheet, opens in Excel",
HOD / Department Head,Report cards,hod.marks_report_cards.report_cards,yes,Import,Upload a file,Upload a filled spreadsheet to add or update many records,
HOD / Department Head,Report cards,hod.marks_report_cards.report_cards,yes,Print,Print,"Print preview on the letterhead, then print or save as PDF",
HOD / Department Head,Staff timetable,hod.timetable.staff_timetable,yes,Export,Export (table to spreadsheet),"This table as a spreadsheet, opens in Excel",
HOD / Department Head,Take attendance,hod.attendance.take_attendance,yes,Export,Export (table to spreadsheet),"This table as a spreadsheet, opens in Excel",
HOD / Department Head,Take attendance,hod.attendance.take_attendance,yes,Export,Export 90 days,"This table as a spreadsheet, opens in Excel",
HR & Payroll,Biometric Machine Attendance Sync,hr.attendance.biometric_machine_attendance_sync,yes,Export,Export (table to spreadsheet),"This table as a spreadsheet, opens in Excel",
HR & Payroll,Biometric Punch In/Out Grace Period,hr.attendance.biometric_punch_in_out_grace_period,yes,Export,Export (table to spreadsheet),"This table as a spreadsheet, opens in Excel",
HR & Payroll,Leave,hr.leave.leave,yes,Export,Export (table to spreadsheet),"This table as a spreadsheet, opens in Excel",
HR & Payroll,Leave,hr.leave.leave,yes,Print,Print,"Print preview on the letterhead, then print or save as PDF",
HR & Payroll,Leave rules,hr.leave.leave_rules,yes,Export,Export (table to spreadsheet),"This table as a spreadsheet, opens in Excel",
HR & Payroll,Monthly payroll,hr.payroll.monthly_payroll,yes,Export,Export (table to spreadsheet),"This table as a spreadsheet, opens in Excel",
HR & Payroll,Monthly payroll,hr.payroll.monthly_payroll,yes,Print,Print,"Print preview on the letterhead, then print or save as PDF",
HR & Payroll,My pay,hr.my_profile.my_pay,yes,Export,Export (table to spreadsheet),"This table as a spreadsheet, opens in Excel",
HR & Payroll,Salary setup,hr.payroll.salary_setup,yes,Export,Export (table to spreadsheet),"This table as a spreadsheet, opens in Excel",
HR & Payroll,Service book & qualifications,hr.records.service_book_qualifications,yes,Export,Export (table to spreadsheet),"This table as a spreadsheet, opens in Excel",
HR & Payroll,Staff 360,hr.records.staff_records,yes,Download,Download (a file the server draws),"Saves a PDF the server draws, such as a receipt",
HR & Payroll,Staff 360,hr.records.staff_records,yes,Export,Export (table to spreadsheet),"This table as a spreadsheet, opens in Excel",
HR & Payroll,Staff 360,hr.records.staff_records,yes,Export,Export for re-import,"This table as a spreadsheet, opens in Excel",
HR & Payroll,Staff 360,hr.records.staff_records,yes,Import,Upload a file,Upload a filled spreadsheet to add or update many records,
HR & Payroll,Staff Hours This Month,hr.attendance.staff_hours_this_month,yes,Export,Export (table to spreadsheet),"This table as a spreadsheet, opens in Excel",
HR & Payroll,Staff Working Hours,hr.attendance.staff_working_hours,yes,Export,Export (table to spreadsheet),"This table as a spreadsheet, opens in Excel",
HR & Payroll,Staff analytics & reports,hr.reports.staff_analytics_reports,yes,Download,Download (a file the server draws),"Saves a PDF the server draws, such as a receipt",
HR & Payroll,Staff analytics & reports,hr.reports.staff_analytics_reports,yes,Export,Export (table to spreadsheet),"This table as a spreadsheet, opens in Excel",
HR & Payroll,Staff analytics & reports,hr.reports.staff_analytics_reports,yes,Print,Print,"Print preview on the letterhead, then print or save as PDF",
HR & Payroll,Staff duty roster,hr.attendance.staff_duty_roster,yes,Export,Export (table to spreadsheet),"This table as a spreadsheet, opens in Excel",
HR & Payroll,Staff hiring,hr.hiring_training.staff_hiring,yes,Export,Export (table to spreadsheet),"This table as a spreadsheet, opens in Excel",
HR & Payroll,Staff joinings & exits,hr.onboarding_exit.staff_joinings_exits,yes,Export,Export (table to spreadsheet),"This table as a spreadsheet, opens in Excel",
HR & Payroll,Staff performance reviews,hr.hiring_training.staff_performance_reviews,yes,Export,Export (table to spreadsheet),"This table as a spreadsheet, opens in Excel",
HR & Payroll,Staff register,hr.attendance.staff_register,yes,Download,Download (a file the server draws),"Saves a PDF the server draws, such as a receipt",
HR & Payroll,Staff register,hr.attendance.staff_register,yes,Export,Export (table to spreadsheet),"This table as a spreadsheet, opens in Excel",
HR & Payroll,Staff register,hr.attendance.staff_register,yes,Export,Export these dates,"This table as a spreadsheet, opens in Excel",
HR & Payroll,Staff register,hr.attendance.staff_register,yes,Print,Print,"Print preview on the letterhead, then print or save as PDF",
HR & Payroll,Staff training & development,hr.hiring_training.staff_training_development,yes,Export,Export (table to spreadsheet),"This table as a spreadsheet, opens in Excel",
HR & Payroll,Staff welfare,hr.welfare.staff_welfare,yes,Export,Export (table to spreadsheet),"This table as a spreadsheet, opens in Excel",
HR & Payroll,Taxes & statutory,hr.payroll.taxes_statutory,yes,Export,Export (table to spreadsheet),"This table as a spreadsheet, opens in Excel",
Hostel Warden,Boarder laundry,hostel_warden.hostel.boarder_laundry,yes,Export,Export (table to spreadsheet),"This table as a spreadsheet, opens in Excel",
Hostel Warden,Hostel & rooms,hostel_warden.hostel.hostel_rooms,yes,Export,Export (table to spreadsheet),"This table as a spreadsheet, opens in Excel",
Hostel Warden,My pay,hostel_warden.my_profile.my_pay,yes,Export,Export (table to spreadsheet),"This table as a spreadsheet, opens in Excel",
Hostel Warden,Night study,hostel_warden.hostel.night_study,yes,Export,Export (table to spreadsheet),"This table as a spreadsheet, opens in Excel",
Hostel Warden,Outpasses & mess,hostel_warden.hostel.outpasses_mess,yes,Export,Export (table to spreadsheet),"This table as a spreadsheet, opens in Excel",
Hostel Warden,Visitor log,hostel_warden.hostel.visitor_log,yes,Export,Export (table to spreadsheet),"This table as a spreadsheet, opens in Excel",
IT Administrator,Background jobs,it_admin.systems.background_jobs,yes,Export,Export (table to spreadsheet),"This table as a spreadsheet, opens in Excel",
IT Administrator,Integrations,it_admin.systems.integrations,yes,Export,Export (table to spreadsheet),"This table as a spreadsheet, opens in Excel",
IT Administrator,Logins & sessions,it_admin.access.logins_sessions,yes,Export,Export (table to spreadsheet),"This table as a spreadsheet, opens in Excel",
IT Administrator,My pay,it_admin.my_profile.my_pay,yes,Export,Export (table to spreadsheet),"This table as a spreadsheet, opens in Excel",
IT Administrator,Roles & permissions,it_admin.access.roles_permissions,yes,Export,Export,"This table as a spreadsheet, opens in Excel",
IT Administrator,Roles & permissions,it_admin.access.roles_permissions,yes,Export,Export (table to spreadsheet),"This table as a spreadsheet, opens in Excel",
IT Administrator,Users,it_admin.access.users,yes,Export,Export (table to spreadsheet),"This table as a spreadsheet, opens in Excel",
Institution Admin / Principal,Academic Performance,institution_admin.students.academic_performance,yes,Export,Export (table to spreadsheet),"This table as a spreadsheet, opens in Excel",
Institution Admin / Principal,Academic Performance,institution_admin.students.academic_performance,yes,Import,Upload a file,Upload a filled spreadsheet to add or update many records,
Institution Admin / Principal,Academic Performance,institution_admin.students.academic_performance,yes,Print,Print,"Print preview on the letterhead, then print or save as PDF",
Institution Admin / Principal,Activities & Electives,institution_admin.academics.activities_electives,yes,Download,Download (a file the server draws),"Saves a PDF the server draws, such as a receipt",
Institution Admin / Principal,Activities & Electives,institution_admin.academics.activities_electives,yes,Export,Export,"This table as a spreadsheet, opens in Excel",
Institution Admin / Principal,Activities & Electives,institution_admin.academics.activities_electives,yes,Export,Export (table to spreadsheet),"This table as a spreadsheet, opens in Excel",
Institution Admin / Principal,Admissions Pipeline,institution_admin.admissions.admissions_pipeline,yes,Export,Export (table to spreadsheet),"This table as a spreadsheet, opens in Excel",
Institution Admin / Principal,Appraisals,institution_admin.evaluation.appraisals,yes,Export,Export (table to spreadsheet),"This table as a spreadsheet, opens in Excel",
Institution Admin / Principal,Attendance Audit,institution_admin.academics.attendance_audit,yes,Export,Export (table to spreadsheet),"This table as a spreadsheet, opens in Excel",
Institution Admin / Principal,Attendance Overview,institution_admin.standard.attendance_overview,yes,Export,Export (table to spreadsheet),"This table as a spreadsheet, opens in Excel",
Institution Admin / Principal,Biometric Readers,institution_admin.attendance_devices.biometric_readers,yes,Export,Export (table to spreadsheet),"This table as a spreadsheet, opens in Excel",
Institution Admin / Principal,Boarder laundry,institution_admin.hostel.boarder_laundry,yes,Export,Export (table to spreadsheet),"This table as a spreadsheet, opens in Excel",
Institution Admin / Principal,Branding,institution_admin.staff.branding,yes,Export,Export (table to spreadsheet),"This table as a spreadsheet, opens in Excel",
Institution Admin / Principal,Certificates & transfers,institution_admin.students.certificates_transfers,yes,Export,Export (table to spreadsheet),"This table as a spreadsheet, opens in Excel",
Institution Admin / Principal,Certificates & transfers,institution_admin.students.certificates_transfers,yes,Import,Upload the certificate background,Upload a filled spreadsheet to add or update many records,
Institution Admin / Principal,Certificates & transfers,institution_admin.students.certificates_transfers,yes,Import,Upload the signature,Upload a filled spreadsheet to add or update many records,
Institution Admin / Principal,Circulars,institution_admin.communication.circulars,yes,Export,Export (table to spreadsheet),"This table as a spreadsheet, opens in Excel",
Institution Admin / Principal,Circulars,institution_admin.communication.circulars,yes,Import,Upload a file,Upload a filled spreadsheet to add or update many records,
Institution Admin / Principal,Class 360,institution_admin.students.class_360,yes,Export,Export (table to spreadsheet),"This table as a spreadsheet, opens in Excel",
Institution Admin / Principal,Class Promotion,institution_admin.students.class_promotion,yes,Export,Export (table to spreadsheet),"This table as a spreadsheet, opens in Excel",
Institution Admin / Principal,Class Setup,institution_admin.academics.class_setup,yes,Export,Export (table to spreadsheet),"This table as a spreadsheet, opens in Excel",
Institution Admin / Principal,Class Status,institution_admin.communication.class_status,yes,Download,Download (a file the server draws),"Saves a PDF the server draws, such as a receipt",
Institution Admin / Principal,Class Status,institution_admin.communication.class_status,yes,Import,Upload a file,Upload a filled spreadsheet to add or update many records,
Institution Admin / Principal,Curriculum Roadmap,institution_admin.academics.curriculum_roadmap,yes,Export,Export (table to spreadsheet),"This table as a spreadsheet, opens in Excel",
Institution Admin / Principal,Custom Report Builder,institution_admin.analysis.custom_report_builder,yes,Download,Download (a file the server draws),"Saves a PDF the server draws, such as a receipt",
Institution Admin / Principal,Custom Report Builder,institution_admin.analysis.custom_report_builder,yes,Export,Export (table to spreadsheet),"This table as a spreadsheet, opens in Excel",
Institution Admin / Principal,Custom Report Builder,institution_admin.analysis.custom_report_builder,yes,Export,Export CSV,"This table as a spreadsheet, opens in Excel",
Institution Admin / Principal,Department academics,institution_admin.department.department_academics,yes,Download,Download (a file the server draws),"Saves a PDF the server draws, such as a receipt",
Institution Admin / Principal,Department academics,institution_admin.department.department_academics,yes,Export,Export (table to spreadsheet),"This table as a spreadsheet, opens in Excel",
Institution Admin / Principal,Department academics,institution_admin.department.department_academics,yes,Print,Print,"Print preview on the letterhead, then print or save as PDF",
Institution Admin / Principal,Department reports,institution_admin.analysis.department_reports,yes,Download,Download (a file the server draws),"Saves a PDF the server draws, such as a receipt",
Institution Admin / Principal,Department reports,institution_admin.analysis.department_reports,yes,Export,Export (table to spreadsheet),"This table as a spreadsheet, opens in Excel",
Institution Admin / Principal,Department reports,institution_admin.analysis.department_reports,yes,Print,Print,"Print preview on the letterhead, then print or save as PDF",
Institution Admin / Principal,Exam seating plan,institution_admin.examinations.hall_ticket_issue,yes,Export,Export (table to spreadsheet),"This table as a spreadsheet, opens in Excel",
Institution Admin / Principal,Exam seating plan,institution_admin.examinations.hall_ticket_issue,yes,Print,Print,"Print preview on the letterhead, then print or save as PDF",
Institution Admin / Principal,Exam seating plan,institution_admin.examinations.hall_ticket_issue,yes,Print,Print ticket,"Print preview on the letterhead, then print or save as PDF",
Institution Admin / Principal,Exams & papers,institution_admin.examinations.exams_papers,yes,Export,Export (table to spreadsheet),"This table as a spreadsheet, opens in Excel",
Institution Admin / Principal,Exams & results,institution_admin.examinations.exams_results,yes,Export,Export (table to spreadsheet),"This table as a spreadsheet, opens in Excel",
Institution Admin / Principal,Exams & results,institution_admin.examinations.exams_results,yes,Import,Upload a file,Upload a filled spreadsheet to add or update many records,
Institution Admin / Principal,Exams & results,institution_admin.examinations.exams_results,yes,Print,Print,"Print preview on the letterhead, then print or save as PDF",
Institution Admin / Principal,Fee Collection,institution_admin.standard.fee_collection,yes,Download,Download (a file the server draws),"Saves a PDF the server draws, such as a receipt",
Institution Admin / Principal,Fee Collection,institution_admin.standard.fee_collection,yes,Export,Export (table to spreadsheet),"This table as a spreadsheet, opens in Excel",
Institution Admin / Principal,Fee Collection,institution_admin.standard.fee_collection,yes,Export,Export day book,"This table as a spreadsheet, opens in Excel",
Institution Admin / Principal,Fee Collection,institution_admin.standard.fee_collection,yes,Print,Print,"Print preview on the letterhead, then print or save as PDF",
Institution Admin / Principal,Fee Dashboard,institution_admin.fees.fee_dashboard,yes,Download,Download (a file the server draws),"Saves a PDF the server draws, such as a receipt",
Institution Admin / Principal,Fee Dashboard,institution_admin.fees.fee_dashboard,yes,Export,Export (table to spreadsheet),"This table as a spreadsheet, opens in Excel",
Institution Admin / Principal,Fee Dashboard,institution_admin.fees.fee_dashboard,yes,Export,Export by class,"This table as a spreadsheet, opens in Excel",
Institution Admin / Principal,Fee Dashboard,institution_admin.fees.fee_dashboard,yes,Print,Print,"Print preview on the letterhead, then print or save as PDF",
Institution Admin / Principal,Fee Default,institution_admin.fees.fee_default,yes,Export,Export (table to spreadsheet),"This table as a spreadsheet, opens in Excel",
Institution Admin / Principal,Grievances,institution_admin.communication.grievances,yes,Export,Export (table to spreadsheet),"This table as a spreadsheet, opens in Excel",
Institution Admin / Principal,Grievances,institution_admin.communication.grievances,yes,Import,Upload a file,Upload a filled spreadsheet to add or update many records,
Institution Admin / Principal,Groups & lists,institution_admin.students.groups_lists,yes,Export,Export (table to spreadsheet),"This table as a spreadsheet, opens in Excel",
Institution Admin / Principal,Hostel & rooms,institution_admin.hostel.hostel_rooms,yes,Export,Export (table to spreadsheet),"This table as a spreadsheet, opens in Excel",
Institution Admin / Principal,Hostel visitor log,institution_admin.hostel.hostel_visitor_log,yes,Export,Export (table to spreadsheet),"This table as a spreadsheet, opens in Excel",
Institution Admin / Principal,Instruction Hours,institution_admin.statutory_returns.instruction_hours,yes,Export,Export (table to spreadsheet),"This table as a spreadsheet, opens in Excel",
Institution Admin / Principal,Interaction log,institution_admin.staff.interaction_log,yes,Download,Download (a file the server draws),"Saves a PDF the server draws, such as a receipt",
Institution Admin / Principal,Interaction log,institution_admin.staff.interaction_log,yes,Export,Export (table to spreadsheet),"This table as a spreadsheet, opens in Excel",
Institution Admin / Principal,Interaction log,institution_admin.staff.interaction_log,yes,Export,Export CSV,"This table as a spreadsheet, opens in Excel",
Institution Admin / Principal,Leave Rules & LOP,institution_admin.attendance_devices.leave_rules_lop,yes,Export,Export (table to spreadsheet),"This table as a spreadsheet, opens in Excel",
Institution Admin / Principal,Lesson Plans,institution_admin.academics.lesson_plans,yes,Export,Export (table to spreadsheet),"This table as a spreadsheet, opens in Excel",
Institution Admin / Principal,Logins & access,institution_admin.staff.logins_access,yes,Download,Download (a file the server draws),"Saves a PDF the server draws, such as a receipt",
Institution Admin / Principal,Logins & access,institution_admin.staff.logins_access,yes,Export,Export (table to spreadsheet),"This table as a spreadsheet, opens in Excel",
Institution Admin / Principal,Logins & access,institution_admin.staff.logins_access,yes,Export,Export CSV,"This table as a spreadsheet, opens in Excel",
Institution Admin / Principal,Mark moderation,institution_admin.exams.mark_moderation,yes,Export,Export (table to spreadsheet),"This table as a spreadsheet, opens in Excel",
Institution Admin / Principal,Master Timetable,institution_admin.academics.master_timetable,yes,Export,Export (table to spreadsheet),"This table as a spreadsheet, opens in Excel",
Institution Admin / Principal,Message Channels,institution_admin.channel_setup.message_channels,yes,Export,Export (table to spreadsheet),"This table as a spreadsheet, opens in Excel",
Institution Admin / Principal,My pay,institution_admin.staff.my_pay,yes,Export,Export (table to spreadsheet),"This table as a spreadsheet, opens in Excel",
Institution Admin / Principal,Night study attendance,institution_admin.hostel.night_study_attendance,yes,Export,Export (table to spreadsheet),"This table as a spreadsheet, opens in Excel",
Institution Admin / Principal,Outpasses & mess,institution_admin.hostel.outpasses_mess,yes,Export,Export (table to spreadsheet),"This table as a spreadsheet, opens in Excel",
Institution Admin / Principal,Performance analytics,institution_admin.analysis.performance_analytics,yes,Download,Download (a file the server draws),"Saves a PDF the server draws, such as a receipt",
Institution Admin / Principal,Performance analytics,institution_admin.analysis.performance_analytics,yes,Export,Export (table to spreadsheet),"This table as a spreadsheet, opens in Excel",
Institution Admin / Principal,Performance analytics,institution_admin.analysis.performance_analytics,yes,Print,Print,"Print preview on the letterhead, then print or save as PDF",
Institution Admin / Principal,Performance overview,institution_admin.examinations.performance_overview,yes,Export,Export (table to spreadsheet),"This table as a spreadsheet, opens in Excel",
Institution Admin / Principal,Period Close,institution_admin.fees.period_close,yes,Export,Export (table to spreadsheet),"This table as a spreadsheet, opens in Excel",
Institution Admin / Principal,Present & absent,institution_admin.academics.student_absentees,yes,Export,Export (table to spreadsheet),"This table as a spreadsheet, opens in Excel",
Institution Admin / Principal,Purchase Order Workflow,institution_admin.stores.purchase_order_workflow,yes,Export,Export (table to spreadsheet),"This table as a spreadsheet, opens in Excel",
Institution Admin / Principal,Reports,institution_admin.standard.reports,yes,Export,Export (table to spreadsheet),"This table as a spreadsheet, opens in Excel",
Institution Admin / Principal,Roles & permissions,institution_admin.staff.roles_permissions,yes,Export,Export,"This table as a spreadsheet, opens in Excel",
Institution Admin / Principal,Roles & permissions,institution_admin.staff.roles_permissions,yes,Export,Export (table to spreadsheet),"This table as a spreadsheet, opens in Excel",
Institution Admin / Principal,Room inventory checklists,institution_admin.hostel.room_inventory_checklists,yes,Export,Export (table to spreadsheet),"This table as a spreadsheet, opens in Excel",
Institution Admin / Principal,School Achievements Showcase,institution_admin.communication.school_achievements_showcase,yes,Export,Export (table to spreadsheet),"This table as a spreadsheet, opens in Excel",
Institution Admin / Principal,School Calendar,institution_admin.academics.school_calendar,yes,Export,Export (table to spreadsheet),"This table as a spreadsheet, opens in Excel",
Institution Admin / Principal,School Calendar,institution_admin.academics.school_calendar,yes,Import,Upload a file,Upload a filled spreadsheet to add or update many records,
Institution Admin / Principal,School setup,institution_admin.getting_started.school_setup,yes,Download,Download (a file the server draws),"Saves a PDF the server draws, such as a receipt",
Institution Admin / Principal,School setup,institution_admin.getting_started.school_setup,yes,Export,Export,"This table as a spreadsheet, opens in Excel",
Institution Admin / Principal,School setup,institution_admin.getting_started.school_setup,yes,Import,Upload a file,Upload a filled spreadsheet to add or update many records,
Institution Admin / Principal,Staff Hours This Month,institution_admin.attendance_devices.staff_hours_this_month,yes,Export,Export (table to spreadsheet),"This table as a spreadsheet, opens in Excel",
Institution Admin / Principal,Staff Working Hours,institution_admin.attendance_devices.staff_working_hours,yes,Export,Export (table to spreadsheet),"This table as a spreadsheet, opens in Excel",
Institution Admin / Principal,Staff attendance register,institution_admin.attendance_devices.staff_attendance_register,yes,Download,Download (a file the server draws),"Saves a PDF the server draws, such as a receipt",
Institution Admin / Principal,Staff attendance register,institution_admin.attendance_devices.staff_attendance_register,yes,Export,Export (table to spreadsheet),"This table as a spreadsheet, opens in Excel",
Institution Admin / Principal,Staff attendance register,institution_admin.attendance_devices.staff_attendance_register,yes,Export,Export these dates,"This table as a spreadsheet, opens in Excel",
Institution Admin / Principal,Staff attendance register,institution_admin.attendance_devices.staff_attendance_register,yes,Print,Print,"Print preview on the letterhead, then print or save as PDF",
Institution Admin / Principal,Staff attendance reports,institution_admin.attendance_devices.staff_attendance_reports,yes,Download,Download (a file the server draws),"Saves a PDF the server draws, such as a receipt",
Institution Admin / Principal,Staff attendance reports,institution_admin.attendance_devices.staff_attendance_reports,yes,Export,Export (table to spreadsheet),"This table as a spreadsheet, opens in Excel",
Institution Admin / Principal,Staff attendance reports,institution_admin.attendance_devices.staff_attendance_reports,yes,Print,Print,"Print preview on the letterhead, then print or save as PDF",
Institution Admin / Principal,Staff groups & lists,institution_admin.staff.staff_groups_lists,yes,Export,Export (table to spreadsheet),"This table as a spreadsheet, opens in Excel",
Institution Admin / Principal,Student 360,institution_admin.students.student_360,yes,Export,Export (table to spreadsheet),"This table as a spreadsheet, opens in Excel",
Institution Admin / Principal,Student photographs,institution_admin.students.student_photographs,yes,Download,Download (a file the server draws),"Saves a PDF the server draws, such as a receipt",
Institution Admin / Principal,Student photographs,institution_admin.students.student_photographs,yes,Export,Export (table to spreadsheet),"This table as a spreadsheet, opens in Excel",
Institution Admin / Principal,Student photographs,institution_admin.students.student_photographs,yes,Import,Upload a file,Upload a filled spreadsheet to add or update many records,
Institution Admin / Principal,Student wallets,institution_admin.fees.student_wallets,yes,Export,Export (table to spreadsheet),"This table as a spreadsheet, opens in Excel",
Institution Admin / Principal,Syllabus Progress,institution_admin.academics.syllabus_progress,yes,Export,Export (table to spreadsheet),"This table as a spreadsheet, opens in Excel",
Institution Admin / Principal,Teacher Assignment,institution_admin.academics.teacher_assignment,yes,Export,Export (table to spreadsheet),"This table as a spreadsheet, opens in Excel",
Institution Admin / Principal,Year Rollover,institution_admin.academics.year_rollover,yes,Export,Export (table to spreadsheet),"This table as a spreadsheet, opens in Excel",
LMS Admin,Courses & material,lms_admin.lms.courses,yes,Download,Download (a file the server draws),"Saves a PDF the server draws, such as a receipt",
LMS Admin,Courses & material,lms_admin.lms.courses,yes,Export,Export (table to spreadsheet),"This table as a spreadsheet, opens in Excel",
LMS Admin,Courses & material,lms_admin.lms.courses,yes,Import,Upload a file,Upload a filled spreadsheet to add or update many records,
Librarian,Accession register,librarian.library.accession_register,yes,Export,Export (table to spreadsheet),"This table as a spreadsheet, opens in Excel",
Librarian,Annual Book Stock Verification,librarian.library.annual_book_stock_verification,yes,Export,Export (table to spreadsheet),"This table as a spreadsheet, opens in Excel",
Librarian,Annual Book Stock Verification,librarian.library.annual_book_stock_verification,yes,Print,Print,"Print preview on the letterhead, then print or save as PDF",
Librarian,Barcode & Spine Label Printing,librarian.library.barcode_spine_label_printing,yes,Export,Export (table to spreadsheet),"This table as a spreadsheet, opens in Excel",
Librarian,Barcode & Spine Label Printing,librarian.library.barcode_spine_label_printing,yes,Print,Print,"Print preview on the letterhead, then print or save as PDF",
Librarian,Book Cataloging & Accession Register,librarian.library.book_cataloging_accession_register,yes,Export,Export (table to spreadsheet),"This table as a spreadsheet, opens in Excel",
Librarian,Book Issue & Return Terminal,librarian.library.book_issue_return_terminal,yes,Export,Export (table to spreadsheet),"This table as a spreadsheet, opens in Excel",
Librarian,Book Reservation Queue,librarian.library.book_reservation_queue,yes,Export,Export (table to spreadsheet),"This table as a spreadsheet, opens in Excel",
Librarian,Book Reservation Queue,librarian.library.book_reservation_queue,yes,Print,Print,"Print preview on the letterhead, then print or save as PDF",
Librarian,Books & copies,librarian.library.books_copies,yes,Export,Export (table to spreadsheet),"This table as a spreadsheet, opens in Excel",
Librarian,Digital Library Usage,librarian.library.digital_library_usage,yes,Export,Export (table to spreadsheet),"This table as a spreadsheet, opens in Excel",
Librarian,Fine & Penalty Summary,librarian.library.fine_penalty_summary,yes,Export,Export (table to spreadsheet),"This table as a spreadsheet, opens in Excel",
Librarian,Fines,librarian.library.fines,yes,Export,Export (table to spreadsheet),"This table as a spreadsheet, opens in Excel",
Librarian,Issue & return,librarian.library.issue_return,yes,Export,Export (table to spreadsheet),"This table as a spreadsheet, opens in Excel",
Librarian,My pay,librarian.my_profile.my_pay,yes,Export,Export (table to spreadsheet),"This table as a spreadsheet, opens in Excel",
Librarian,New Session Textbook Orders,librarian.library.new_session_textbook_orders,yes,Export,Export (table to spreadsheet),"This table as a spreadsheet, opens in Excel",
Librarian,New Session Textbook Orders,librarian.library.new_session_textbook_orders,yes,Print,Print,"Print preview on the letterhead, then print or save as PDF",
Librarian,OPAC Digital Book Search,librarian.library.opac_digital_book_search,yes,Export,Export (table to spreadsheet),"This table as a spreadsheet, opens in Excel",
Librarian,Reservations,librarian.library.reservations,yes,Export,Export (table to spreadsheet),"This table as a spreadsheet, opens in Excel",
Librarian,Reservations,librarian.library.reservations,yes,Print,Print,"Print preview on the letterhead, then print or save as PDF",
Nurse / Clinic,Checkups & camps,nurse.clinic.checkups_camps,yes,Export,Export (table to spreadsheet),"This table as a spreadsheet, opens in Excel",
Nurse / Clinic,Health records,nurse.clinic.health_records,yes,Export,Export (table to spreadsheet),"This table as a spreadsheet, opens in Excel",
Nurse / Clinic,My pay,nurse.my_profile.my_pay,yes,Export,Export (table to spreadsheet),"This table as a spreadsheet, opens in Excel",
Nurse / Clinic,Visits & medication,nurse.clinic.visits_medication,yes,Export,Export (table to spreadsheet),"This table as a spreadsheet, opens in Excel",
Operations Staff,Hostel & rooms,operations.hostel.hostel_rooms,yes,Export,Export (table to spreadsheet),"This table as a spreadsheet, opens in Excel",
Operations Staff,Issue & return,operations.library.issue_return,yes,Export,Export (table to spreadsheet),"This table as a spreadsheet, opens in Excel",
Operations Staff,My pay,operations.my_profile.my_pay,yes,Export,Export (table to spreadsheet),"This table as a spreadsheet, opens in Excel",
Operations Staff,Stock & movements,operations.stores.stock_movements,yes,Export,Export (table to spreadsheet),"This table as a spreadsheet, opens in Excel",
Operations Staff,Transport office,operations.transport.transport_office,yes,Export,Export (table to spreadsheet),"This table as a spreadsheet, opens in Excel",
Operations Staff,Vehicles & routes,operations.transport.vehicles_routes,yes,Export,Export (table to spreadsheet),"This table as a spreadsheet, opens in Excel",
Parent / Guardian,Admission status,parent.admissions.admission_status,yes,Export,Export (table to spreadsheet),"This table as a spreadsheet, opens in Excel",
Parent / Guardian,Apply Student Leave,parent.leave_absence.apply_student_leave,yes,Export,Export (table to spreadsheet),"This table as a spreadsheet, opens in Excel",
Parent / Guardian,Calendar & PTM,parent.school_life.calendar_ptm,yes,Export,Export (table to spreadsheet),"This table as a spreadsheet, opens in Excel",
Parent / Guardian,Certificate requests,parent.documents.certificate_requests,yes,Export,Export (table to spreadsheet),"This table as a spreadsheet, opens in Excel",
Parent / Guardian,Communication,parent.messages.communication,yes,Export,Export (table to spreadsheet),"This table as a spreadsheet, opens in Excel",
Parent / Guardian,Communication,parent.messages.communication,yes,Import,Upload a file,Upload a filled spreadsheet to add or update many records,
Parent / Guardian,Fees & payments,parent.fees.fees_payments,yes,Download,Download (a file the server draws),"Saves a PDF the server draws, such as a receipt",
Parent / Guardian,Fees & payments,parent.fees.fees_payments,yes,Export,Export (table to spreadsheet),"This table as a spreadsheet, opens in Excel",
Parent / Guardian,Hall ticket,parent.academics.hall_ticket,yes,Export,Export (table to spreadsheet),"This table as a spreadsheet, opens in Excel",
Parent / Guardian,Hall ticket,parent.academics.hall_ticket,yes,Print,Print,"Print preview on the letterhead, then print or save as PDF",
Parent / Guardian,Hall ticket,parent.academics.hall_ticket,yes,Print,Print ticket,"Print preview on the letterhead, then print or save as PDF",
Parent / Guardian,Homework & academics,parent.academics.homework_academics,yes,Export,Export (table to spreadsheet),"This table as a spreadsheet, opens in Excel",
Parent / Guardian,Results & report cards,parent.academics.results_report_cards,yes,Export,Export (table to spreadsheet),"This table as a spreadsheet, opens in Excel",
Parent / Guardian,Wallet,parent.fees.wallet,yes,Export,Export (table to spreadsheet),"This table as a spreadsheet, opens in Excel",
Receptionist / Front Office,Front desk,front_office.front_desk.front_desk,yes,Export,Export (table to spreadsheet),"This table as a spreadsheet, opens in Excel",
Receptionist / Front Office,My pay,front_office.my_profile.my_pay,yes,Export,Export (table to spreadsheet),"This table as a spreadsheet, opens in Excel",
Seller Admin,Access,seller_admin.schools.access,yes,Export,Export (table to spreadsheet),"This table as a spreadsheet, opens in Excel",
Seller Admin,Access,seller_admin.schools.access,yes,Import,Upload a file,Upload a filled spreadsheet to add or update many records,
Seller Admin,Add School,seller_admin.schools.add_school,yes,Export,Export (table to spreadsheet),"This table as a spreadsheet, opens in Excel",
Seller Admin,Add School,seller_admin.schools.add_school,yes,Import,Upload a file,Upload a filled spreadsheet to add or update many records,
Seller Admin,Adoption Metrics,seller_admin.usage_health.adoption_metrics,yes,Export,Export (table to spreadsheet),"This table as a spreadsheet, opens in Excel",
Seller Admin,Audit,seller_admin.support.audit,yes,Export,Export (table to spreadsheet),"This table as a spreadsheet, opens in Excel",
Seller Admin,Board Members,seller_admin.support.board_members,yes,Export,Export (table to spreadsheet),"This table as a spreadsheet, opens in Excel",
Seller Admin,Dashboard,seller_admin.home.dashboard,yes,Export,Export (table to spreadsheet),"This table as a spreadsheet, opens in Excel",
Seller Admin,Instance Health,seller_admin.usage_health.instance_health,yes,Export,Export (table to spreadsheet),"This table as a spreadsheet, opens in Excel",
Seller Admin,License & Capacity,seller_admin.subscriptions_billing.license_capacity,yes,Export,Export (table to spreadsheet),"This table as a spreadsheet, opens in Excel",
Seller Admin,License & Capacity,seller_admin.subscriptions_billing.license_capacity,yes,Import,Upload a file,Upload a filled spreadsheet to add or update many records,
Seller Admin,Message Credits,seller_admin.subscriptions_billing.message_credits,yes,Export,Export (table to spreadsheet),"This table as a spreadsheet, opens in Excel",
Seller Admin,Module Entitlement Matrix,seller_admin.entitlements.module_entitlement_matrix,yes,Download,Download (a file the server draws),"Saves a PDF the server draws, such as a receipt",
Seller Admin,Module Entitlement Matrix,seller_admin.entitlements.module_entitlement_matrix,yes,Export,Export (table to spreadsheet),"This table as a spreadsheet, opens in Excel",
Seller Admin,Password Reset Delivery,seller_admin.delivery.password_reset_delivery,yes,Export,Export (table to spreadsheet),"This table as a spreadsheet, opens in Excel",
Seller Admin,Plans & Pricing,seller_admin.subscriptions_billing.plans_pricing,yes,Export,Export (table to spreadsheet),"This table as a spreadsheet, opens in Excel",
Seller Admin,Plans & Pricing,seller_admin.subscriptions_billing.plans_pricing,yes,Import,Upload a file,Upload a filled spreadsheet to add or update many records,
Seller Admin,Schools,seller_admin.schools.schools,yes,Export,Export (table to spreadsheet),"This table as a spreadsheet, opens in Excel",
Seller Admin,Schools,seller_admin.schools.schools,yes,Import,Upload a file,Upload a filled spreadsheet to add or update many records,
Seller Admin,Setup,seller_admin.schools.setup,yes,Export,Export (table to spreadsheet),"This table as a spreadsheet, opens in Excel",
Seller Admin,Subscription Ledger,seller_admin.subscriptions_billing.subscription_ledger,yes,Export,Export (table to spreadsheet),"This table as a spreadsheet, opens in Excel",
Seller Admin,Support,seller_admin.support.support,yes,Export,Export (table to spreadsheet),"This table as a spreadsheet, opens in Excel",
Seller Admin,Support Team,seller_admin.support.support_team,yes,Export,Export (table to spreadsheet),"This table as a spreadsheet, opens in Excel",
Seller Admin,Usage & Cost,seller_admin.usage_health.usage_cost,yes,Export,Export (table to spreadsheet),"This table as a spreadsheet, opens in Excel",
Seller Admin,XULO Channels,seller_admin.delivery.educloud_channels,yes,Export,Export (table to spreadsheet),"This table as a spreadsheet, opens in Excel",
Student,Academic record,student.exams_results.academic_record,yes,Print,Print my record,"Print preview on the letterhead, then print or save as PDF",
Student,Courses / subjects,student.learning.courses_subjects,yes,Import,Upload a file,Upload a filled spreadsheet to add or update many records,
Student,Fees,student.fees.fees,yes,Export,Export (table to spreadsheet),"This table as a spreadsheet, opens in Excel",
Student,Hall ticket,student.exams_results.hall_ticket,yes,Export,Export (table to spreadsheet),"This table as a spreadsheet, opens in Excel",
Student,Hall ticket,student.exams_results.hall_ticket,yes,Print,Print,"Print preview on the letterhead, then print or save as PDF",
Student,Hall ticket,student.exams_results.hall_ticket,yes,Print,Print ticket,"Print preview on the letterhead, then print or save as PDF",
Student,Homework & assignments,student.homework.homework_assignments,yes,Download,Download (a file the server draws),"Saves a PDF the server draws, such as a receipt",
Student,Homework & assignments,student.homework.homework_assignments,yes,Import,Upload a file,Upload a filled spreadsheet to add or update many records,
Student,LMS,student.learning.e_learning_resource_hub,yes,Import,Upload a file,Upload a filled spreadsheet to add or update many records,
Student,Library Book Hold Request,student.notices_calendar.library_book_hold_request,yes,Export,Export (table to spreadsheet),"This table as a spreadsheet, opens in Excel",
Student,My ID card,student.profile.my_id_card,yes,Print,Print my card,"Print preview on the letterhead, then print or save as PDF",
Student,Timetable,student.timetable.timetable,yes,Export,Export (table to spreadsheet),"This table as a spreadsheet, opens in Excel",
Student,Timetable,student.timetable.timetable,yes,Print,Print,"Print preview on the letterhead, then print or save as PDF",
Super Admin,APAAR ID Provisioning,super_admin.statutory_boards.apaar_id_provisioning,yes,Export,Export (table to spreadsheet),"This table as a spreadsheet, opens in Excel",
Super Admin,Academic Calendar Model,super_admin.campuses_academic_year.academic_calendar_model,yes,Export,Export (table to spreadsheet),"This table as a spreadsheet, opens in Excel",
Super Admin,Academic year defaults,super_admin.institution_setup.academic_year_defaults,yes,Download,Download (a file the server draws),"Saves a PDF the server draws, such as a receipt",
Super Admin,Academic year defaults,super_admin.institution_setup.academic_year_defaults,yes,Export,Export,"This table as a spreadsheet, opens in Excel",
Super Admin,Academic year defaults,super_admin.institution_setup.academic_year_defaults,yes,Import,Upload a file,Upload a filled spreadsheet to add or update many records,
Super Admin,Automated Timetable Optimizer,super_admin.ai_automation.automated_timetable_optimizer,yes,Export,Export (table to spreadsheet),"This table as a spreadsheet, opens in Excel",
Super Admin,Automated Trigger Rules,super_admin.messaging.automated_trigger_rules,yes,Export,Export (table to spreadsheet),"This table as a spreadsheet, opens in Excel",
Super Admin,Biometric Device Integration,super_admin.payments_devices.biometric_device_integration,yes,Export,Export (table to spreadsheet),"This table as a spreadsheet, opens in Excel",
Super Admin,Board Affiliation & Disclosure,super_admin.statutory_boards.board_affiliation_disclosure,yes,Export,Export (table to spreadsheet),"This table as a spreadsheet, opens in Excel",
Super Admin,Branding,super_admin.institution_setup.branding,yes,Export,Export (table to spreadsheet),"This table as a spreadsheet, opens in Excel",
Super Admin,Child Info Portal Sync,super_admin.statutory_boards.child_info_portal_sync,yes,Export,Export (table to spreadsheet),"This table as a spreadsheet, opens in Excel",
Super Admin,Child Info Portal Sync,super_admin.statutory_boards.child_info_portal_sync,yes,Export,Export roster,"This table as a spreadsheet, opens in Excel",
Super Admin,Data Backup & Restore,super_admin.operations.data_backup_restore,yes,Export,Export (table to spreadsheet),"This table as a spreadsheet, opens in Excel",
Super Admin,Data operations,super_admin.platform_configuration.data_operations,yes,Download,Download template,"Saves a PDF the server draws, such as a receipt",
Super Admin,Data operations,super_admin.platform_configuration.data_operations,yes,Export,Export (table to spreadsheet),"This table as a spreadsheet, opens in Excel",
Super Admin,Data operations,super_admin.platform_configuration.data_operations,yes,Import,Upload a file,Upload a filled spreadsheet to add or update many records,
Super Admin,District & Mandal Master,super_admin.statutory_boards.district_mandal_master,yes,Export,Export (table to spreadsheet),"This table as a spreadsheet, opens in Excel",
Super Admin,Email Server (SMTP) Integration,super_admin.messaging.email_server_smtp_integration,yes,Export,Export (table to spreadsheet),"This table as a spreadsheet, opens in Excel",
Super Admin,Franchise Management,super_admin.campuses_academic_year.franchise_management,yes,Export,Export (table to spreadsheet),"This table as a spreadsheet, opens in Excel",
Super Admin,GPS Hardware Integration,super_admin.payments_devices.gps_hardware_integration,yes,Export,Export (table to spreadsheet),"This table as a spreadsheet, opens in Excel",
Super Admin,Import & export,super_admin.platform_configuration.import_export,yes,Export,Export (table to spreadsheet),"This table as a spreadsheet, opens in Excel",
Super Admin,Institutions & campuses,super_admin.institution_setup.institutions_campuses,yes,Download,Download (a file the server draws),"Saves a PDF the server draws, such as a receipt",
Super Admin,Institutions & campuses,super_admin.institution_setup.institutions_campuses,yes,Export,Export,"This table as a spreadsheet, opens in Excel",
Super Admin,Institutions & campuses,super_admin.institution_setup.institutions_campuses,yes,Import,Upload a file,Upload a filled spreadsheet to add or update many records,
Super Admin,Integrations,super_admin.platform_configuration.integrations,yes,Export,Export (table to spreadsheet),"This table as a spreadsheet, opens in Excel",
Super Admin,Login & session audit,super_admin.access_security.login_session_audit,yes,Export,Export (table to spreadsheet),"This table as a spreadsheet, opens in Excel",
Super Admin,Meritto / LeadSquared Sync,super_admin.payments_devices.meritto_leadsquared_sync,yes,Export,Export (table to spreadsheet),"This table as a spreadsheet, opens in Excel",
Super Admin,Meritto / LeadSquared Sync,super_admin.payments_devices.meritto_leadsquared_sync,yes,Import,Upload a file,Upload a filled spreadsheet to add or update many records,
Super Admin,Module configuration,super_admin.platform_configuration.module_configuration,yes,Export,Export (table to spreadsheet),"This table as a spreadsheet, opens in Excel",
Super Admin,Numbering & templates,super_admin.platform_configuration.numbering_templates,yes,Export,Export (table to spreadsheet),"This table as a spreadsheet, opens in Excel",
Super Admin,Payment Gateway Connectors,super_admin.payments_devices.payment_gateway_connectors,yes,Export,Export (table to spreadsheet),"This table as a spreadsheet, opens in Excel",
Super Admin,Predictive Dropout Risk Engine,super_admin.ai_automation.predictive_dropout_risk_engine,yes,Export,Export (table to spreadsheet),"This table as a spreadsheet, opens in Excel",
Super Admin,Roles & permissions,super_admin.access_security.roles_permissions,yes,Export,Export,"This table as a spreadsheet, opens in Excel",
Super Admin,Roles & permissions,super_admin.access_security.roles_permissions,yes,Export,Export (table to spreadsheet),"This table as a spreadsheet, opens in Excel",
Super Admin,SMS Gateway Integration,super_admin.messaging.sms_gateway_integration,yes,Export,Export (table to spreadsheet),"This table as a spreadsheet, opens in Excel",
Super Admin,SQAA Framework Management,super_admin.statutory_boards.sqaa_framework_management,yes,Export,Export (table to spreadsheet),"This table as a spreadsheet, opens in Excel",
Super Admin,School Management Type,super_admin.statutory_boards.school_management_type,yes,Export,Export (table to spreadsheet),"This table as a spreadsheet, opens in Excel",
Super Admin,School settings,super_admin.institution_setup.school_settings,yes,Download,Download (a file the server draws),"Saves a PDF the server draws, such as a receipt",
Super Admin,School settings,super_admin.institution_setup.school_settings,yes,Export,Export,"This table as a spreadsheet, opens in Excel",
Super Admin,School settings,super_admin.institution_setup.school_settings,yes,Import,Upload a file,Upload a filled spreadsheet to add or update many records,
Super Admin,Smart Fee Cash Flow Predictor,super_admin.ai_automation.smart_fee_cash_flow_predictor,yes,Export,Export (table to spreadsheet),"This table as a spreadsheet, opens in Excel",
Super Admin,State Board Configuration,super_admin.statutory_boards.state_board_configuration,yes,Export,Export (table to spreadsheet),"This table as a spreadsheet, opens in Excel",
Super Admin,System Health & Integration Alerts,super_admin.operations.system_health_integration_alerts,yes,Export,Export (table to spreadsheet),"This table as a spreadsheet, opens in Excel",
Super Admin,System health,super_admin.dashboard.system_health,yes,Export,Export (table to spreadsheet),"This table as a spreadsheet, opens in Excel",
Super Admin,Tally ERP / Prime Connector,super_admin.payments_devices.tally_erp_prime_connector,yes,Export,Export (table to spreadsheet),"This table as a spreadsheet, opens in Excel",
Super Admin,Tally ERP / Prime Connector,super_admin.payments_devices.tally_erp_prime_connector,yes,Export,The accountant may export to Tally,"This table as a spreadsheet, opens in Excel",
Super Admin,UDISE+ Data Sync,super_admin.statutory_boards.udise_data_sync,yes,Export,Export (table to spreadsheet),"This table as a spreadsheet, opens in Excel",
Super Admin,User directory,super_admin.access_security.user_directory,yes,Export,Export (table to spreadsheet),"This table as a spreadsheet, opens in Excel",
Super Admin,Users,super_admin.access_security.users,yes,Export,Export (table to spreadsheet),"This table as a spreadsheet, opens in Excel",
Super Admin,Virtual Classroom Integration,super_admin.payments_devices.virtual_classroom_integration,yes,Export,Export (table to spreadsheet),"This table as a spreadsheet, opens in Excel",
Super Admin,WhatsApp API Integration,super_admin.messaging.whatsapp_api_integration,yes,Export,Export (table to spreadsheet),"This table as a spreadsheet, opens in Excel",
Super Admin,White-Label Branding,super_admin.campuses_academic_year.white_label_branding,yes,Export,Export (table to spreadsheet),"This table as a spreadsheet, opens in Excel",
Transport Manager,Bus Speeding & Rash Driving Alerts,transport_manager.transport.bus_speeding_rash_driving_alerts,yes,Export,Export (table to spreadsheet),"This table as a spreadsheet, opens in Excel",
Transport Manager,Delays & exceptions,transport_manager.transport.delays_exceptions,yes,Export,Export (table to spreadsheet),"This table as a spreadsheet, opens in Excel",
Transport Manager,Driver Phone Tracker,transport_manager.transport.driver_phone_tracker,yes,Export,Export (table to spreadsheet),"This table as a spreadsheet, opens in Excel",
Transport Manager,Driver Sobriety & Safety Checklist,transport_manager.transport.driver_sobriety_safety_checklist,yes,Export,Export (table to spreadsheet),"This table as a spreadsheet, opens in Excel",
Transport Manager,Drivers & attendants,transport_manager.transport.drivers_attendants,yes,Export,Export (table to spreadsheet),"This table as a spreadsheet, opens in Excel",
Transport Manager,Geo-fenced Bus Stop Alerts,transport_manager.transport.geo_fenced_bus_stop_alerts,yes,Export,Export (table to spreadsheet),"This table as a spreadsheet, opens in Excel",
Transport Manager,Live vehicle tracking,transport_manager.transport.live_vehicle_tracking,yes,Export,Export (table to spreadsheet),"This table as a spreadsheet, opens in Excel",
Transport Manager,My pay,transport_manager.my_profile.my_pay,yes,Export,Export (table to spreadsheet),"This table as a spreadsheet, opens in Excel",
Transport Manager,Route attendance,transport_manager.transport.route_attendance,yes,Export,Export (table to spreadsheet),"This table as a spreadsheet, opens in Excel",
Transport Manager,Routes & stops,transport_manager.transport.routes_stops,yes,Export,Export (table to spreadsheet),"This table as a spreadsheet, opens in Excel",
Transport Manager,Student allocation,transport_manager.transport.student_allocation,yes,Export,Export (table to spreadsheet),"This table as a spreadsheet, opens in Excel",
Transport Manager,Today's runs,transport_manager.transport.todays_runs,yes,Print,Print,"Print preview on the letterhead, then print or save as PDF",
Transport Manager,Transport reports,transport_manager.reports.transport_reports,yes,Export,Export (table to spreadsheet),"This table as a spreadsheet, opens in Excel",
Transport Manager,Transport reports,transport_manager.reports.transport_reports,yes,Print,Print,"Print preview on the letterhead, then print or save as PDF",
Transport Manager,Vehicle Fuel & Maintenance Log,transport_manager.transport.vehicle_fuel_maintenance_log,yes,Export,Export (table to spreadsheet),"This table as a spreadsheet, opens in Excel",
Transport Manager,Vehicles,transport_manager.transport.vehicles,yes,Export,Export (table to spreadsheet),"This table as a spreadsheet, opens in Excel",
