Role,Workspace,Section,Feature,Permission key,Built?,What it is for (short),Your remarks
Seller Admin,Home,Home,Dashboard,seller_admin.home.dashboard,yes,"The business on one page: active school tenants, who is still onboarding, monthly recurring revenue and whether every school is actually being used,...",
Seller Admin,Schools,Schools,Schools,seller_admin.schools.schools,yes,"Every school on this installation with its plan, student headcount, status and the date it joined.",
Seller Admin,Schools,Schools,Add School,seller_admin.schools.add_school,yes,"Create a school, its first campus and its first administrator in one step, and hand over the credentials.",
Seller Admin,Schools,Schools,Access,seller_admin.schools.access,yes,"Who may sign in and who may not: suspend a school for non-payment or at the end of a contract, blocking sign-in while keeping every record, and let...",
Seller Admin,Schools,Schools,Setup,seller_admin.schools.setup,yes,"How far each new school has got through setup, and which step it is stuck on, so an account manager can intervene before a stalled rollout becomes a...",
Seller Admin,Settings,Delivery,Password Reset Delivery,seller_admin.delivery.password_reset_delivery,yes,"The seller's own email server and SMS channel, through which every school's password-reset links are sent.",
Seller Admin,Settings,Delivery,XULO Channels,seller_admin.delivery.educloud_channels,yes,"The seller's own SMS, WhatsApp and email accounts, through which every school on credits sends.",
Seller Admin,Subscriptions & Billing,Subscriptions & Billing,Plans & Pricing,seller_admin.subscriptions_billing.plans_pricing,yes,"Define plans with a student cap, included modules and an annual or per-student price.",
Seller Admin,Subscriptions & Billing,Subscriptions & Billing,Subscription Ledger,seller_admin.subscriptions_billing.subscription_ledger,yes,"Each school's plan, term dates, renewal date and invoice history.",
Seller Admin,Subscriptions & Billing,Subscriptions & Billing,License & Capacity,seller_admin.subscriptions_billing.license_capacity,yes,"Schools past the students their plan allows, and those inside the renewal window, with the revenue at risk against each.",
Seller Admin,Subscriptions & Billing,Subscriptions & Billing,Message Credits,seller_admin.subscriptions_billing.message_credits,yes,"Every school's request for more SMS or WhatsApp messages, oldest first, with what was asked and by whom.",
Seller Admin,Entitlements,Entitlements,Module Entitlement Matrix,seller_admin.entitlements.module_entitlement_matrix,yes,Which modules each plan and each school may use; switching one off hides it from that school's navigation.,
Seller Admin,Usage & Health,Usage & Health,Adoption Metrics,seller_admin.usage_health.adoption_metrics,yes,"Sign-ins, active users and transactions per school per week, the leading indicator of renewal.",
Seller Admin,Usage & Health,Usage & Health,Instance Health,seller_admin.usage_health.instance_health,yes,"Error rates, queue depth and slow endpoints per tenant, so the vendor sees a problem before the school reports it.",
Seller Admin,Usage & Health,Usage & Health,Usage & Cost,seller_admin.usage_health.usage_cost,yes,"What each school actually uses, files stored, records held, messages sent, against what the installation costs to run.",
Seller Admin,Support,Support,Support,seller_admin.support.support,yes,"Tickets raised by schools, with the tenant, severity, owner and time open.",
Seller Admin,Support,Support,Audit,seller_admin.support.audit,yes,"Act as a school's administrator to reproduce a fault, with every such session recorded and visible to that school.",
Seller Admin,Support,Support,Support Team,seller_admin.support.support_team,yes,"Create and list the vendor's own support-desk logins, read-only platform accounts that reach across schools to reproduce faults but see no child's...",
Seller Admin,Support,Support,Board Members,seller_admin.support.board_members,yes,"People who oversee several schools at once, a trust's committee, a group director.",
Super Admin,Dashboard,Dashboard,Dashboard,super_admin.dashboard.dashboard,yes,"Every campus on one page, roll, staff, attendance taken today, fees collected and outstanding, ordered so the campus needing attention comes first.",
Super Admin,Dashboard,Dashboard,System health,super_admin.dashboard.system_health,yes,"Background jobs, queue depth, failed integrations and recent errors.",
Super Admin,Institution Setup,Institution Setup,Institutions & campuses,super_admin.institution_setup.institutions_campuses,yes,"Create/edit institution and campuses; address, timezone, academic model, contact details and status.",
Super Admin,Institution Setup,Institution Setup,Academic year defaults,super_admin.institution_setup.academic_year_defaults,yes,Set active academic year/term defaults per campus; actual academic structure remains with institution admins.,
Super Admin,Institution Setup,Institution Setup,Branding,super_admin.institution_setup.branding,yes,"Logo, institution name, colors and portal identity per tenant/campus.",
Super Admin,Institution Setup,Institution Setup,School settings,super_admin.institution_setup.school_settings,yes,"Institution profile, campuses, academic year and numbering.",
Super Admin,Access & Security,Access & Security,Users,super_admin.access_security.users,yes,"Create, activate, suspend and search users.",
Super Admin,Access & Security,Access & Security,Roles & permissions,super_admin.access_security.roles_permissions,yes,"Assign roles and define data scope such as institution, campus, department, class or self.",
Super Admin,Access & Security,Access & Security,Login & session audit,super_admin.access_security.login_session_audit,yes,"View login history, active sessions and suspicious access.",
Super Admin,Access & Security,Access & Security,SSO / MFA,super_admin.access_security.sso_mfa,yes,Configure single sign-on and multi-factor authentication when required.,
Super Admin,Access & Security,Access & Security,User directory,super_admin.access_security.user_directory,yes,"Create, search, suspend and reset accounts across the school.",
Super Admin,Platform Configuration,Platform Configuration,Module configuration,super_admin.platform_configuration.module_configuration,yes,Enable/disable modules by institution so users only see what their institution uses.,
Super Admin,Platform Configuration,Platform Configuration,Integrations,super_admin.platform_configuration.integrations,yes,"Configure payment gateway, email/SMS/WhatsApp, biometric devices, Google/Microsoft and other connectors.",
Super Admin,Platform Configuration,Platform Configuration,Numbering & templates,super_admin.platform_configuration.numbering_templates,yes,"Configure receipt, admission, student ID and certificate numbering/templates.",
Super Admin,Platform Configuration,Platform Configuration,Audit log,super_admin.platform_configuration.audit_log,yes,Search critical configuration and data-change history.,
Super Admin,Platform Configuration,Platform Configuration,Data operations,super_admin.platform_configuration.data_operations,yes,"Controlled import/export, archival, retention and backup/restore administration.",
Super Admin,Platform Configuration,Platform Configuration,Import & export,super_admin.platform_configuration.import_export,yes,"Bulk import of students, staff and opening balances, with validation reports.",
Super Admin,Platform Setup,Campuses & Academic Year,Franchise Management,super_admin.campuses_academic_year.franchise_management,yes,"Centralized administrative oversight, asset sharing, and brand compliance for franchise chains.",
Super Admin,Platform Setup,Campuses & Academic Year,White-Label Branding,super_admin.campuses_academic_year.white_label_branding,yes,"Configure custom logos, domain names, color themes, login portal banners, and email header templates.",
Super Admin,Platform Setup,Campuses & Academic Year,Academic Calendar Model,super_admin.campuses_academic_year.academic_calendar_model,yes,Configure the June-April school year separately from the April-March financial year used for receipts.,
Super Admin,Platform Setup,Messaging,SMS Gateway Integration,super_admin.messaging.sms_gateway_integration,yes,"Configure gateway API credentials, sender IDs, DLTI templates, and SMS delivery logs.",
Super Admin,Platform Setup,Messaging,WhatsApp API Integration,super_admin.messaging.whatsapp_api_integration,yes,"Connect WhatsApp Business API, manage template approvals, automated triggers, and delivery logs.",
Super Admin,Platform Setup,Messaging,Email Server (SMTP) Integration,super_admin.messaging.email_server_smtp_integration,yes,"Configure SMTP credentials, send grid settings, DKIM/SPF verification, and email dispatch logs.",
Super Admin,Platform Setup,Messaging,Automated Trigger Rules,super_admin.messaging.automated_trigger_rules,yes,"Set trigger conditions for instant automated notifications on absence, fee due, or bus delay.",
Super Admin,Platform Setup,Payments & Devices,Payment Gateway Connectors,super_admin.payments_devices.payment_gateway_connectors,yes,"Merchant keys for Razorpay, Paytm, CCAvenue, BillDesk and Easebuzz, per school or for every school, stored sealed.",
Super Admin,Platform Setup,Payments & Devices,Biometric Device Integration,super_admin.payments_devices.biometric_device_integration,yes,"Every school's fingerprint readers on one page: which are talking, which went quiet, which were never pointed at us.",
Super Admin,Platform Setup,Payments & Devices,GPS Hardware Integration,super_admin.payments_devices.gps_hardware_integration,yes,"Configure bus GPS tracker hardware protocols, IMEI mapping, and refresh intervals.",
Super Admin,Platform Setup,Payments & Devices,Virtual Classroom Integration,super_admin.payments_devices.virtual_classroom_integration,yes,"Record which Zoom, Google Meet or Microsoft Teams account live classes run on, and who may use it.",
Super Admin,Platform Setup,Payments & Devices,Tally ERP / Prime Connector,super_admin.payments_devices.tally_erp_prime_connector,yes,"Map the school's accounts and cost centres to the ledger names in its Tally company, so the voucher export imports cleanly.",
Super Admin,Platform Setup,Payments & Devices,Meritto / LeadSquared Sync,super_admin.payments_devices.meritto_leadsquared_sync,yes,"Map lead sources, counselor assignments, and multi-touch lead status sync with external CRMs.",
Super Admin,Platform Setup,Statutory & Boards,SQAA Framework Management,super_admin.statutory_boards.sqaa_framework_management,yes,Configure School Quality Assessment and Assurance standards and self-assessment checklists.,
Super Admin,Platform Setup,Statutory & Boards,UDISE+ Data Sync,super_admin.statutory_boards.udise_data_sync,yes,"Map school, student, teacher and facility fields to the UDISE+ return format and validate data integrity before submission.",
Super Admin,Platform Setup,Statutory & Boards,APAAR ID Provisioning,super_admin.statutory_boards.apaar_id_provisioning,yes,Generate and reconcile APAAR (One Nation One Student) IDs against Aadhaar and the UDISE+ register.,
Super Admin,Platform Setup,Statutory & Boards,DigiLocker Issuer Integration,super_admin.statutory_boards.digilocker_issuer_integration,not yet,"Not buildable here: needs NeGD issuer onboarding and DigiLocker's pull API credentials, which this deployment does not hold.",
Super Admin,Platform Setup,Statutory & Boards,Board Affiliation & Disclosure,super_admin.statutory_boards.board_affiliation_disclosure,yes,"Maintain CBSE/ICSE/State affiliation numbers, mandatory public disclosure documents and renewal dates.",
Super Admin,Platform Setup,Statutory & Boards,State Board Configuration,super_admin.statutory_boards.state_board_configuration,yes,"Select the state education board (BSE Telangana SSC, TSBIE Intermediate, CBSE, ICSE) and its grading and assessment rules.",
Super Admin,Platform Setup,Statutory & Boards,School Management Type,super_admin.statutory_boards.school_management_type,yes,"Classify each campus as Government, Aided, Private Unaided, Model School, Gurukul or KGBV for state reporting.",
Super Admin,Platform Setup,Statutory & Boards,District & Mandal Master,super_admin.statutory_boards.district_mandal_master,yes,"Maintain state, district, mandal and village/ward codes used by every government return.",
Super Admin,Platform Setup,Statutory & Boards,Child Info Portal Sync,super_admin.statutory_boards.child_info_portal_sync,yes,Map school and student records to the Telangana Child Info portal register and reconcile differences.,
Super Admin,Platform Setup,Operations,Data Backup & Restore,super_admin.operations.data_backup_restore,yes,"The backup policy each school is held to (how often, how long kept) and the register of backups reported against it, with a warning when the newest...",
Super Admin,Platform Setup,Operations,System Health & Integration Alerts,super_admin.operations.system_health_integration_alerts,yes,"Monitor failed Webhooks, payment gateway time-outs, SMS delivery failures, and API errors.",
Super Admin,AI & Automation,AI & Automation,Predictive Dropout Risk Engine,super_admin.ai_automation.predictive_dropout_risk_engine,yes,"Rules, not a model: attendance under 75% in the last 30 days, a fee more than a month late, the last exam below pass.",
Super Admin,AI & Automation,AI & Automation,Automated Timetable Optimizer,super_admin.ai_automation.automated_timetable_optimizer,yes,"Genetic algorithms solving complex multi-variable faculty, room, and elective timetable constraints.",
Super Admin,AI & Automation,AI & Automation,AI Sentiment Analysis on Feedback,super_admin.ai_automation.ai_sentiment_analysis_on_feedback,not yet,"Not buildable here: needs an NLP service, and the product stores no ratings to summarise honestly without one.",
Super Admin,AI & Automation,AI & Automation,Automated Exam Question Translation,super_admin.ai_automation.automated_exam_question_translation,not yet,Not buildable here: needs a machine translation service this deployment does not have.,
Super Admin,AI & Automation,AI & Automation,Smart Fee Cash Flow Predictor,super_admin.ai_automation.smart_fee_cash_flow_predictor,yes,"What falls due in each of the next three months, times the share of the last twelve months' demand each school actually collected.",
Institution Admin / Principal,Home,Home,Dashboard,institution_admin.home.dashboard,yes,"The school on one page: the numbers at the top, what needs the principal today in the middle, and the day's events and cover at the foot.",
Institution Admin / Principal,Home,Getting Started,School setup,institution_admin.getting_started.school_setup,yes,"Every step of setting the school up, in the order each one depends on the last: the year, classes, sections, subjects, the school day, staff,...",
Institution Admin / Principal,Home,Approvals,Approvals,institution_admin.approvals.approvals,yes,"Everything waiting on a signature, leave, attendance corrections, fee concessions, in one queue rather than one queue per module.",
Institution Admin / Principal,Students,Students,Student 360,institution_admin.students.student_360,yes,"One child, whole: attendance, marks, fees, conduct and who to ring, on one page.",
Institution Admin / Principal,Students,Students,Student photographs,institution_admin.students.student_photographs,yes,"The photographer's folder attached to children in one go, matched by admission number.",
Institution Admin / Principal,Students,Students,Certificates & transfers,institution_admin.students.certificates_transfers,yes,"Transfer, bonafide, conduct and study certificates: issue one, and read the register of every certificate the school has issued with the snapshot it...",
Institution Admin / Principal,Students,Students,Class Promotion,institution_admin.students.class_promotion,yes,"Moving a year group up at the end of the session, on the results.",
Institution Admin / Principal,Students,Students,Academic Performance,institution_admin.students.academic_performance,yes,"Term results across the school: which subjects are weak, how a class has moved since last term, and one child's full mark history when a parent or...",
Institution Admin / Principal,Students,Students,Groups & lists,institution_admin.students.groups_lists,yes,"The school's own groupings, the swimming squad, the 3.15 bus, the children a trust pays for.",
Institution Admin / Principal,Students,Students,Class 360,institution_admin.students.class_360,yes,"One class on a page: the roster with guardian contacts, attendance and results, the timetable and who teaches what, and fee status, with quick...",
Institution Admin / Principal,Students,Admissions,Admissions Pipeline,institution_admin.admissions.admissions_pipeline,yes,"Enquiries, applications and confirmed admissions for the coming session, and the conversion between them.",
Institution Admin / Principal,Academics,Academics,Master Timetable,institution_admin.academics.master_timetable,yes,"The whole school's week in one grid: which class is taught what, when, by whom and in which room, and which periods are still empty.",
Institution Admin / Principal,Academics,Academics,Substitutions,institution_admin.academics.substitutions,yes,"Who is away today, which periods that leaves uncovered, and who has been put in front of each of them.",
Institution Admin / Principal,Academics,Academics,School Calendar,institution_admin.academics.school_calendar,yes,"Terms, holidays, exams, sports day and parent meetings.",
Institution Admin / Principal,Academics,Academics,Activities & Electives,institution_admin.academics.activities_electives,yes,"The clubs, coaching and electives the school runs, when each meets, what it costs and who is in it.",
Institution Admin / Principal,Academics,Academics,Curriculum Roadmap,institution_admin.academics.curriculum_roadmap,yes,"The chapters each subject will cover, in order, with the hours and the term they are meant to land in.",
Institution Admin / Principal,Academics,Academics,Lesson Plans,institution_admin.academics.lesson_plans,yes,"Plans teachers have submitted and nobody has read yet, so pacing is checked while the term can still be changed.",
Institution Admin / Principal,Academics,Academics,Syllabus Progress,institution_admin.academics.syllabus_progress,yes,"How much of each subject has actually been taught against how much was planned, which is the question asked in the month before an exam.",
Institution Admin / Principal,Academics,Academics,Attendance Audit,institution_admin.academics.attendance_audit,yes,"School-wide attendance and the corrections people have asked for: the class that has stopped turning up, and the register somebody wants changed...",
Institution Admin / Principal,Academics,Academics,Present & absent,institution_admin.academics.student_absentees,yes,"A read-only day-wise monitor with two tabs for the chosen date and section: Present lists every child who came in, and Absent lists every child...",
Institution Admin / Principal,Academics,Academics,Class Setup,institution_admin.academics.class_setup,yes,"Every grade, its sections, their rooms and how the roll is spread across them.",
Institution Admin / Principal,Academics,Academics,Year Rollover,institution_admin.academics.year_rollover,yes,"Carry this year's sections, fee structure, bus allocations and timetable grid into the year that has not started yet, once.",
Institution Admin / Principal,Academics,Academics,Teacher Assignment,institution_admin.academics.teacher_assignment,yes,"Who teaches which subject in which section, for the whole school.",
Institution Admin / Principal,Academics,Examinations,Performance overview,institution_admin.examinations.performance_overview,yes,"Pass rate, subject performance, at-risk students and backlog summary.",
Institution Admin / Principal,Academics,Examinations,Exam seating plan,institution_admin.examinations.hall_ticket_issue,yes,Issue and reprint board hall tickets against the accepted nominal roll.,
Institution Admin / Principal,Academics,Examinations,Exams & results,institution_admin.examinations.exams_results,yes,"Exam schedule, marks entry status and result publication readiness.",
Institution Admin / Principal,Academics,Examinations,Exams & papers,institution_admin.examinations.exams_papers,yes,Every exam the school has scheduled and how many papers it holds.,
Institution Admin / Principal,Finance,Fees,Fee Dashboard,institution_admin.fees.fee_dashboard,yes,"Expected against collected against outstanding, for the school and by class.",
Institution Admin / Principal,Finance,Fees,Period Close,institution_admin.fees.period_close,yes,"Which months of the year are finished, and the year itself.",
Institution Admin / Principal,Finance,Fees,Student wallets,institution_admin.fees.student_wallets,yes,Digital money.,
Institution Admin / Principal,Finance,Fees,Fee Default,institution_admin.fees.fee_default,yes,"Who is behind, by how much and for how long, grouped by class.",
Institution Admin / Principal,Communication,Communication,All messages,institution_admin.communication.all_messages,yes,"Every conversation in the school on one desk, parents writing to teachers, concerns raised, staff messages, circulars awaiting acknowledgement, with...",
Institution Admin / Principal,Communication,Communication,Grievances,institution_admin.communication.grievances,yes,"Complaints the class teacher and the coordinator could not settle, which reach the principal's desk because somewhere below it nobody could close...",
Institution Admin / Principal,Communication,Communication,School Achievements Showcase,institution_admin.communication.school_achievements_showcase,yes,"Log awards, sports victories, academic honors, and publish them to parent/student portals.",
Institution Admin / Principal,Communication,Communication,Circulars,institution_admin.communication.circulars,yes,"A holiday, an exam datesheet, an emergency: written once and sent to the parents and staff it concerns, through the portal and through SMS and email.",
Institution Admin / Principal,Communication,Communication,Messages,institution_admin.communication.messages,yes,"A message to one colleague, a head of department, a class teacher, rather than a notice to the school.",
Institution Admin / Principal,Communication,Communication,Class Status,institution_admin.communication.class_status,yes,"Every live and pinned status in the school with who posted it, its audience and how many have seen it; post as the school, approve teachers' posts,...",
Institution Admin / Principal,Reports,Standard,Reports,institution_admin.standard.reports,yes,"Core enrollment, attendance, academic, fee and staff reports.",
Institution Admin / Principal,Reports,Standard,Attendance Overview,institution_admin.standard.attendance_overview,yes,"School-wide attendance for children and for staff, by class and by month, so mass absence and the child slipping towards dropping out are both...",
Institution Admin / Principal,Reports,Standard,Fee Collection,institution_admin.standard.fee_collection,yes,"Collected against expected, and what is outstanding by class and by term.",
Institution Admin / Principal,Reports,Standard,Scheduled digests,institution_admin.standard.scheduled_digests,yes,"Turn the daily and weekly report digest on or off, choose which reports it carries, attendance, fees, admissions, staff, and which channels each goes...",
Institution Admin / Principal,Staff,Staff,Leaves & Subs,institution_admin.staff.leaves_subs,yes,"Leave the department heads have passed up, and long leave that needs the principal's signature.",
Institution Admin / Principal,Staff,Staff,Roles & permissions,institution_admin.staff.roles_permissions,yes,Who can see and do what.,
Institution Admin / Principal,Staff,Staff,Logins & access,institution_admin.staff.logins_access,yes,"Every login at this school: who it belongs to, whether it can still sign in, the roles it carries, when it last signed in and how many devices it is...",
Institution Admin / Principal,Staff,Staff,Privacy,institution_admin.staff.privacy,yes,"Who hears about a child (the primary guardian only, or every linked adult), whether a new login's password travels by email only, and where a...",
Institution Admin / Principal,Staff,Staff,Interaction log,institution_admin.staff.interaction_log,yes,"Everything that passed between any two people at the school, in one list: messages between colleagues, a teacher's exchange with a family, the...",
Institution Admin / Principal,Staff,Staff,Branding,institution_admin.staff.branding,yes,"The school's own logo, name, colours and support contacts, shown in the app header, the browser tab, receipts and the sign-in page.",
Institution Admin / Principal,Staff,Staff,Staff groups & lists,institution_admin.staff.staff_groups_lists,yes,"Named groups of staff, exam duty, the lab-trained four, everybody at one branch.",
Institution Admin / Principal,Staff,Staff,My pay,institution_admin.staff.my_pay,yes,"Your own payslips month by month, what was taken off and how much of it was tax, the days you were marked present, and the leave you have left.",
Institution Admin / Principal,Academics,Exams,Question paper approval,institution_admin.exams.question_paper_approval,yes,"Every paper waiting to be read, across the school, with who set it and when the exam is.",
Institution Admin / Principal,Academics,Exams,Mark moderation,institution_admin.exams.mark_moderation,yes,"The same paper-by-paper view across every department, and the record of who moderated what.",
Institution Admin / Principal,Hostel,Hostel,Hostel & rooms,institution_admin.hostel.hostel_rooms,yes,"Blocks, rooms and who sleeps where, with the roll call taken against it.",
Institution Admin / Principal,Hostel,Hostel,Outpasses & mess,institution_admin.hostel.outpasses_mess,yes,"Leave out of the hostel, complaints raised from it, and the week’s mess menu.",
Institution Admin / Principal,Hostel,Hostel,Night study attendance,institution_admin.hostel.night_study_attendance,yes,"Who was in the study hall, taken the way the register is.",
Institution Admin / Principal,Hostel,Hostel,Room inventory checklists,institution_admin.hostel.room_inventory_checklists,yes,"What each room holds and what condition it is in, checked in, checked out.",
Institution Admin / Principal,Hostel,Hostel,Hostel visitor log,institution_admin.hostel.hostel_visitor_log,yes,"Who came to see a boarder, when they arrived and when they left.",
Institution Admin / Principal,Hostel,Hostel,Boarder laundry,institution_admin.hostel.boarder_laundry,yes,"Bundles out and back, so a missing shirt has a record rather than an argument.",
Institution Admin / Principal,Communication,Channel Setup,Message Channels,institution_admin.channel_setup.message_channels,yes,"The school's own email, SMS and WhatsApp senders, the SMTP host a circular leaves through, the gateway a fee reminder uses, the WhatsApp number a...",
Institution Admin / Principal,Staff,Attendance Devices,Biometric Readers,institution_admin.attendance_devices.biometric_readers,yes,"The fingerprint readers this school runs: the serial each one reports, whether it is trusted yet, when it last spoke, and punches from a finger...",
Institution Admin / Principal,Staff,Attendance Devices,Staff attendance register,institution_admin.attendance_devices.staff_attendance_register,yes,"Who was in today and who was not, taken off the fingerprint readers above.",
Institution Admin / Principal,Staff,Attendance Devices,Staff Working Hours,institution_admin.attendance_devices.staff_working_hours,yes,"The hours this school expects, named by the school and assigned to a department or a person: teaching, office and transport rarely start together.",
Institution Admin / Principal,Staff,Attendance Devices,Staff Hours This Month,institution_admin.attendance_devices.staff_hours_this_month,yes,"One month of the fingerprint readers read against each person's own expected hours: days worked, half days, late arrivals, early departures, and the...",
Institution Admin / Principal,Staff,Attendance Devices,Leave Rules & LOP,institution_admin.attendance_devices.leave_rules_lop,yes,"The leave types this school grants and how many of each, whether they carry forward or are encashed, and exactly what becomes loss of pay -- absence,...",
Institution Admin / Principal,Staff,Attendance Devices,Staff attendance reports,institution_admin.attendance_devices.staff_attendance_reports,yes,"The same register over a month or a term, per member of staff and per department, with the totals a payroll run and a confirmation-of-service letter...",
Institution Admin / Principal,Stores,Stores,Store catalogue,institution_admin.stores.store_catalogue,yes,"The school store as families see it: every active product with price and stock, display only, alongside the stock and issuance screens.",
Institution Admin / Principal,Stores,Stores,Purchase Order Workflow,institution_admin.stores.purchase_order_workflow,yes,"Raise a purchase requisition, approve it within the spending limits, issue the purchase order, record the goods received and match the supplier's...",
Institution Admin / Principal,Reports,Analysis,Custom Report Builder,institution_admin.analysis.custom_report_builder,yes,"Build your own report: pick the data, the columns and the filters, preview it, save it, share it with colleagues and export it.",
Institution Admin / Principal,Reports,Analysis,Department reports,institution_admin.analysis.department_reports,yes,"Attendance, workload, results and a summary for each department side by side.",
Institution Admin / Principal,Reports,Analysis,Performance analytics,institution_admin.analysis.performance_analytics,yes,"Subject pass rates, the term-on-term trend, the spread of marks and the students at risk.",
Institution Admin / Principal,Staff,Department,Department academics,institution_admin.department.department_academics,yes,"Each department's subjects, sections and teachers, and how far its syllabus has got.",
Institution Admin / Principal,Staff,Evaluation,Appraisals,institution_admin.evaluation.appraisals,yes,"Run a 360-degree review cycle: peers, students and the principal answer the same questions, and each teacher's results are released once enough...",
Institution Admin / Principal,Administration,Statutory Returns,Instruction Hours,institution_admin.statutory_returns.instruction_hours,yes,"Days taught and hours delivered against the minimum the board requires, while there is still term left to make them up.",
Institution Admin / Principal,Help,Help,Helpdesk,institution_admin.help.helpdesk,yes,Requests for help from families and staff of this school.,
Board / Trustee,Home,Home,Where the money goes,board_member.home.where_the_money_goes,yes,"Every campus on one sheet: what came in over the period, what is still owed, what went out in salaries, and how many children and staff that was for.",
Board / Trustee,Money,Money,Fee overview,board_member.money.fee_overview,yes,"Expected against collected for the period, and the gap between them, for the school as a whole.",
Board / Trustee,Money,Money,Collections & dues,board_member.money.collections_dues,yes,"The finance desks own dashboard, read-only: collected today and over the period, outstanding, overdue, and the count of families behind.",
Board / Trustee,Reports,Reports,Reports,board_member.reports.reports,yes,"Every export the school produces, fees, attendance, payroll, downloadable as they are, for the board pack.",
Board / Trustee,Audit,Audit,Audit trail,board_member.audit.audit_trail,yes,"Who changed what, when.",
HOD / Department Head,Home,Home,Dashboard,hod.home.dashboard,yes,"Your department before nine o'clock: who is out and how many of their periods nobody is covering, what is waiting on your decision, and which of your...",
HOD / Department Head,Timetable,Timetable,Class timetable,hod.timetable.class_timetable,yes,"Build and change the timetable for any class or section in the department: pick the class, drop a subject and a teacher into a period, and publish.",
HOD / Department Head,Timetable,Timetable,Staff timetable,hod.timetable.staff_timetable,yes,"Every teacher in the department, period by period, with their free periods visible.",
HOD / Department Head,Timetable,Timetable,Department timetable,hod.timetable.department_timetable,yes,"The department's grid by class, by faculty and by room, read together so a gap in one is explained by the other two.",
HOD / Department Head,Timetable,Timetable,Substitution requests,hod.timetable.substitution_requests,yes,"Cover requests from the department's teachers: who is away, which period, which class, and why.",
HOD / Department Head,Timetable,Timetable,My timetable,hod.timetable.my_timetable,yes,"Their own teaching week: the periods they stand in front of a class for, apart from the master timetable they build for everybody else.",
HOD / Department Head,Academics,Academics,Language subject allocation,hod.academics.language_subject_allocation,yes,"Which language each student takes as L1 and as L2, set for one student or for a whole list at once.",
HOD / Department Head,Academics,Academics,Faculty allocation,hod.academics.faculty_allocation,yes,"Which teacher teaches which subject to which section, across the department, with each teacher's total periods shown so the load can be seen while it...",
HOD / Department Head,Staff,Staff,Teacher remarks,hod.staff.teacher_remarks,yes,"Write a remark about a teacher in the department, and read the remarks others have written about them.",
HOD / Department Head,Staff,Staff,Leaves & Subs,hod.staff.leaves_subs,yes,"Leave requested by your own department's staff, with the periods it would leave uncovered shown beside it.",
HOD / Department Head,My Work,My Profile,Profile,hod.my_profile.profile,yes,Own details and password.,
HOD / Department Head,My Work,My Profile,Leave & self service,hod.my_profile.leave_self_service,yes,"Apply for your own leave, and see where it has got to.",
HOD / Department Head,My Work,My Profile,My pay,hod.my_profile.my_pay,yes,"Your own payslips month by month, what was taken off and how much of it was tax, the days you were marked present, and the leave you have left.",
HOD / Department Head,Department Workspace,Attendance,Take attendance,hod.attendance.take_attendance,yes,Mark the register for the classes they teach.,
HOD / Department Head,Department Workspace,Teaching,Homework / classwork,hod.teaching.homework_classwork,yes,"Set and grade homework for their own classes, and see who has turned it in.",
HOD / Department Head,Department Workspace,Teaching,Lesson plans / content,hod.teaching.lesson_plans_content,yes,Write and submit their own lesson plans.,
HOD / Department Head,Department Workspace,Marks & Report Cards,Marks entry,hod.marks_report_cards.marks_entry,yes,Enter exam marks for the papers they teach.,
HOD / Department Head,Department Workspace,Marks & Report Cards,Report cards,hod.marks_report_cards.report_cards,yes,Generate and publish report cards for a section they are class teacher of.,
HOD / Department Head,Department Workspace,Communication,Communication,hod.communication.communication,yes,"Notices home to the classes they teach, and the thread with a parent about one child.",
HOD / Department Head,Department Workspace,Communication,Messages,hod.communication.messages,yes,One colleague at a time.,
HOD / Department Head,Department Workspace,Exams,Question paper approval,hod.exams.question_paper_approval,yes,"Papers your teachers have sent for approval before an exam: open the paper, approve it for printing, or send it back with the reason.",
HOD / Department Head,Department Workspace,Exams,Mark moderation,hod.exams.mark_moderation,yes,"Each paper in your department with its average, its highest and lowest, and how many fell below the pass mark, so a paper that came out harsh is...",
Examination Controller,Home,Home,Exam desk,exam_controller.home.exam_desk,yes,"The exams on the calendar, how far marks entry has got, and which papers are still short.",
Examination Controller,Examinations,Examinations,Exams & papers,exam_controller.examinations.exams_papers,yes,"Schedule an exam, add the papers on it, and see what has been published.",
Examination Controller,Examinations,Examinations,Hall tickets & seating,exam_controller.examinations.hall_tickets_seating,yes,"Halls, seat allocation and the hall ticket each candidate carries in.",
Examination Controller,Examinations,Examinations,Report cards,exam_controller.examinations.report_cards,yes,"Generate a section's report cards once every paper is in, preview the school's design, and send the set up for release.",
Examination Controller,Examinations,Examinations,Performance overview,exam_controller.examinations.performance_overview,yes,Results by class and subject across the exams held this year.,
Examination Controller,Communication,Communication,Messages,exam_controller.communication.messages,yes,One colleague at a time.,
Examination Controller,My Profile,My Profile,Profile,exam_controller.my_profile.profile,yes,"Your own name, phone, email and password.",
Examination Controller,My Profile,My Profile,My pay,exam_controller.my_profile.my_pay,yes,"Your own payslips month by month, what was taken off and how much of it was tax, the days you were marked present, and the leave you have left.",
Faculty / Teacher,Home,Home,Today's classes,faculty.home.todays_classes,yes,"Next/current classes with one-click Take Attendance, Open Class and Add Homework actions.",
Faculty / Teacher,Home,Home,My work,faculty.home.my_work,yes,"Assignments to review, marks pending, substitutions, leave status and announcements.",
Faculty / Teacher,Home,Home,My calendar,faculty.home.my_calendar,yes,"The month you are actually in: exams, the duties you are rostered on, the homework you set falling due, and your own leave.",
Faculty / Teacher,My Classes,My Classes,Student progress,faculty.my_classes.student_progress,yes,View attendance and academic progress for students taught/mentored by the faculty member.,
Faculty / Teacher,My Classes,My Classes,Behaviour,faculty.my_classes.behaviour,yes,"Award a badge for what a child did well, or record a concern and what was done about it, one record per child, read in order, with whether the family...",
Faculty / Teacher,My Classes,My Classes,My students,faculty.my_classes.student_details,yes,"One child's full record: profile, guardians, attendance, marks and remarks.",
Faculty / Teacher,My Classes,My Classes,Class 360,faculty.my_classes.class_360,yes,"Your class on a page: the children with contacts, their attendance and results, the timetable and subject teachers, with the actions you are allowed...",
Faculty / Teacher,My Classes,Attendance,Take attendance,faculty.attendance.take_attendance,yes,Fast daily or period/subject-wise attendance for assigned students.,
Faculty / Teacher,My Classes,Attendance,Take attendance (whole school),faculty.attendance.take_attendance_school,yes,Mark the register for any class in the school rather than only the ones you teach.,
Faculty / Teacher,My Classes,Attendance,Attendance correction,faculty.attendance.attendance_correction,yes,Request or process correction within permitted window/workflow.,
Faculty / Teacher,My Classes,Attendance,Absentee followup,faculty.attendance.absentee_followup,yes,"Every child marked away today, section by section, with admission number and the father's and mother's numbers to tap-to-call, a Pending/Called...",
Faculty / Teacher,My Classes,Attendance,Present & absent,faculty.attendance.student_absentees,yes,"A read-only day-wise monitor with two tabs for the chosen date and section: Present lists every child who came in, and Absent lists every child...",
Faculty / Teacher,My Classes,Attendance,Offline Attendance & Diary Capture,faculty.attendance.offline_attendance_diary_capture,yes,"Mark attendance and write diary notes with no network, held on the device and synchronised automatically once a connection returns.",
Faculty / Teacher,Teaching,Teaching,Homework / classwork,faculty.teaching.homework_classwork,yes,"Create homework/classwork with due date, attachments and instructions.",
Faculty / Teacher,Teaching,Teaching,Assignments & submissions,faculty.teaching.assignments_submissions,yes,"Create assignments, review submissions, grade and add feedback.",
Faculty / Teacher,Teaching,Teaching,Lesson plans / content,faculty.teaching.lesson_plans_content,yes,Plan lessons and attach learning resources when LMS/lesson planning is enabled.,
Faculty / Teacher,Teaching,Teaching,LMS Study Material Upload,faculty.teaching.lms_study_material_upload,yes,"Upload PDF notes, audio recordings, video links, and presentation slides per subject chapter.",
Faculty / Teacher,Teaching,Timetable,My timetable,faculty.timetable.my_timetable,yes,"Daily/weekly teaching schedule, rooms/labs and substitutions.",
Faculty / Teacher,Teaching,Timetable,Substitution Request Submission,faculty.timetable.substitution_request_submission,yes,Request advance leave and propose peer faculty substitution for approval.,
Faculty / Teacher,Assessments,Marks & Report Cards,Marks entry,faculty.marks_report_cards.marks_entry,yes,Enter internal/exam marks for assigned subjects; validate before submission.,
Faculty / Teacher,Assessments,Marks & Report Cards,Report cards,faculty.marks_report_cards.report_cards,yes,Generate and issue the report card for every child in the class.,
Faculty / Teacher,Assessments,Assessment Schemes,CCE Formative Assessment Entry,faculty.assessment_schemes.cce_formative_assessment_entry,yes,"Record FA1 to FA4 formative marks out of 20 covering written work, project, slip test and participation.",
Faculty / Teacher,Assessments,Assessment Schemes,CCE Summative Assessment Entry,faculty.assessment_schemes.cce_summative_assessment_entry,yes,Record SA1 to SA3 summative marks out of 80 as per the state board CCE scheme.,
Faculty / Teacher,Assessments,Question Papers & Online Tests,Question Bank Management,faculty.question_papers_online_tests.question_bank_management,yes,"Create objective/subjective question banks tagged by chapter, difficulty, and Bloom's level.",
Faculty / Teacher,Assessments,Question Papers & Online Tests,AI Examcell Paper Generator,faculty.question_papers_online_tests.ai_examcell_paper_generator,yes,"A paper drawn from the question bank by blueprint: so many of each difficulty, kind, chapter and mark value, at random.",
Faculty / Teacher,Assessments,Question Papers & Online Tests,Ved AI Assessment Assistant,faculty.question_papers_online_tests.ved_ai_assessment_assistant,not yet,"Not buildable here: needs a language model to suggest rubric criteria, quiz questions and essay prompts, and this deployment has none.",
Faculty / Teacher,Assessments,Question Papers & Online Tests,Objective Online Test Creation,faculty.question_papers_online_tests.objective_online_test_creation,yes,"Create auto-graded MCQ, True/False, and Fill-in-the-blank online tests with timers.",
Faculty / Teacher,Communication,Communication,Communication,faculty.communication.communication,yes,"Announcements/messages to assigned classes, students or parents based on policy.",
Faculty / Teacher,Communication,Communication,Remarks,faculty.communication.remarks,yes,Add permitted academic/class remarks and observations.,
Faculty / Teacher,Communication,Communication,Anecdotal records,faculty.communication.anecdotal_records,yes,"Private notes on how a child is growing, never shown to the parent.",
Faculty / Teacher,Communication,Communication,Class teacher remarks,faculty.communication.class_teacher_remarks,yes,"The term-end line printed on the report card, and the principal’s summary beside it.",
Faculty / Teacher,Communication,Communication,PTM notes & action items,faculty.communication.ptm_notes_action_items,yes,"Who came to the parents’ meeting, what they raised, and what was agreed.",
Faculty / Teacher,Communication,Communication,Classroom communication,faculty.communication.classroom_communication,yes,"A notice to a whole class, or to one child’s parent.",
Faculty / Teacher,Communication,Communication,Messages,faculty.communication.messages,yes,One colleague at a time.,
Faculty / Teacher,Communication,Communication,Class Status,faculty.communication.class_status,yes,"Post a photo or a short video to your section, your class or the whole school, like a WhatsApp status: it disappears after 24 hours unless you pin it...",
Faculty / Teacher,My Work,My Profile,Leave & self service,faculty.my_profile.leave_self_service,yes,"Apply for leave, view approval status, attendance and personal documents.",
Faculty / Teacher,My Work,My Profile,Profile,faculty.my_profile.profile,yes,"Own profile, password and leave.",
Faculty / Teacher,My Work,My Profile,Student leave requests,faculty.my_profile.student_leave_requests,yes,"Leave a parent has applied for on behalf of a child in your class: who, which days, and why, with approve or decline.",
Faculty / Teacher,My Work,My Profile,Remarks about me,faculty.my_profile.remarks_about_me,yes,"What your head of department, the principal or a parent has written about you.",
Faculty / Teacher,My Work,My Profile,My pay,faculty.my_profile.my_pay,yes,"Your own payslips month by month, what was taken off and how much of it was tax, the days you were marked present, and the leave you have left.",
Faculty / Teacher,My Work,Exams,Question papers,faculty.exams.question_papers,yes,Attach the paper for each exam you set and send it to your head of department.,
Librarian,Library,Library,Book Cataloging & Accession Register,librarian.library.book_cataloging_accession_register,yes,"Maintain master book register, ISBN numbers, author, publisher, genre, and rack location.",
Librarian,Library,Library,Barcode & Spine Label Printing,librarian.library.barcode_spine_label_printing,yes,Generate and print custom barcode labels and spine call tags for library books.,
Librarian,Library,Library,Book Issue & Return Terminal,librarian.library.book_issue_return_terminal,yes,Scan student ID and book barcode to issue or return books in <5 seconds.,
Librarian,Library,Library,Book Reservation Queue,librarian.library.book_reservation_queue,yes,Auto-notify students when a reserved book is returned and available for collection.,
Librarian,Library,Library,Fine & Penalty Summary,librarian.library.fine_penalty_summary,yes,"Fines collected and fines still outstanding, as totals.",
Librarian,Library,Library,OPAC Digital Book Search,librarian.library.opac_digital_book_search,yes,Online Public Access Catalog for students to search book availability and reserve books.,
Librarian,Library,Library,Digital Library Usage,librarian.library.digital_library_usage,yes,Whether the e-books and journals the school pays for are being opened: active readers and how engagement is moving month to month.,
Librarian,Library,Library,Annual Book Stock Verification,librarian.library.annual_book_stock_verification,yes,"The yearly count: what is on the shelves, what is missing, what is damaged, and the signature that closes the year's stock record.",
Librarian,Library,Library,New Session Textbook Orders,librarian.library.new_session_textbook_orders,yes,"Next year's textbook requirement, class by class against the roll, for the principal to approve before it is ordered.",
Librarian,Library,Library,Books & copies,librarian.library.books_copies,yes,"Titles, editions and the individual copies held against each.",
Librarian,Library,Library,Accession register,librarian.library.accession_register,yes,"The statutory accession register, with barcode and spine label printing.",
Librarian,Library,Library,Issue & return,librarian.library.issue_return,yes,"The counter: scan a card, scan a book, issue or take it back.",
Librarian,Library,Library,Reservations,librarian.library.reservations,yes,"Holds placed by students and staff, and who is next in the queue.",
Librarian,Library,Library,Fines,librarian.library.fines,yes,"Overdue fines accrued, collected and waived, at the daily rate the school sets here.",
Librarian,Communication,Communication,Messages,librarian.communication.messages,yes,One colleague at a time.,
Librarian,My Profile,My Profile,My pay,librarian.my_profile.my_pay,yes,"Your own payslips month by month, what was taken off and how much of it was tax, the days you were marked present, and the leave you have left.",
Transport Manager,Home,Home,Dashboard,transport_manager.home.dashboard,yes,"The transport office on one page: how many buses are out, what has finished, and the handful of things wanting doing before the phone rings.",
Transport Manager,Transport,Transport,Driver Phone Tracker,transport_manager.transport.driver_phone_tracker,yes,"Turn a driver's own phone into the bus's tracker: issue a pair code, see which handsets are paired, and revoke one that has left.",
Transport Manager,Transport,Transport,Geo-fenced Bus Stop Alerts,transport_manager.transport.geo_fenced_bus_stop_alerts,yes,Trigger automated proximity SMS/Push notifications to parents 5 minutes before bus arrives.,
Transport Manager,Transport,Transport,Bus Speeding & Rash Driving Alerts,transport_manager.transport.bus_speeding_rash_driving_alerts,yes,Receive immediate dashboard alerts if a driver exceeds pre-set campus speed limits.,
Transport Manager,Transport,Transport,Vehicle Fuel & Maintenance Log,transport_manager.transport.vehicle_fuel_maintenance_log,yes,"Track fuel purchases, mileage performance, routine servicing, and repair expense logs.",
Transport Manager,Transport,Transport,Fuel Sensor & Mileage Telematics,transport_manager.transport.fuel_sensor_mileage_telematics,not yet,Integrate digital fuel tank sensors to detect fuel theft and track real-time bus mileage.,
Transport Manager,Transport,Transport,Driver Sobriety & Safety Checklist,transport_manager.transport.driver_sobriety_safety_checklist,yes,Require drivers to complete pre-trip safety checklists and breathalyzer checks before starting.,
Transport Manager,Transport,Transport,Seatbelt & CCTV Video Streaming,transport_manager.transport.seatbelt_cctv_video_streaming,not yet,Stream live in-bus CCTV video feeds to transport admin dashboards for safety monitoring.,
Transport Manager,Transport,Transport,AIS-140 Telematics & VAHAN Compliance,transport_manager.transport.ais_140_telematics_vahan_compliance,not yet,"Register AIS-140 certified GPS units per vehicle, ingest NavIC position and panic-button events, monitor tamper and offline buffering, and evidence...",
Transport Manager,Transport,Transport,Vehicles,transport_manager.transport.vehicles,yes,"The vehicle register: registration, capacity, permit, insurance and fitness expiry.",
Transport Manager,Transport,Transport,Drivers & attendants,transport_manager.transport.drivers_attendants,yes,"Who drives what, with licence expiry and background verification.",
Transport Manager,Transport,Transport,Routes & stops,transport_manager.transport.routes_stops,yes,"Route definitions, the stops on each and the timing between them.",
Transport Manager,Transport,Transport,Student allocation,transport_manager.transport.student_allocation,yes,"Which child boards at which stop on which route, and the fee slab that implies.",
Transport Manager,Transport,Transport,Route attendance,transport_manager.transport.route_attendance,yes,"Boarding and alighting scans for each route, morning and afternoon.",
Transport Manager,Transport,Transport,Delays & exceptions,transport_manager.transport.delays_exceptions,yes,"Routes running late, breakdowns and any child not scanned.",
Transport Manager,Transport,Transport,Today's runs,transport_manager.transport.todays_runs,yes,"Every route today with its bus, driver, attendant, pre-trip check, how many children are aboard and whether it is running.",
Transport Manager,Transport,Transport,Live vehicle tracking,transport_manager.transport.live_vehicle_tracking,yes,"Where every bus is now, against the route it should be running.",
Transport Manager,Reports,Reports,Transport reports,transport_manager.reports.transport_reports,yes,"The sheets a transport office is asked for, ready made: who rides what, the fleet and its papers, attendance, fuel and incidents.",
Transport Manager,Communication,Communication,Messages,transport_manager.communication.messages,yes,One colleague at a time.,
Transport Manager,My Profile,My Profile,My pay,transport_manager.my_profile.my_pay,yes,"Your own payslips month by month, what was taken off and how much of it was tax, the days you were marked present, and the leave you have left.",
Operations Staff,Home,Home,Operations desk,operations.home.operations_desk,yes,"Stock below its reorder level, buses and the papers about to lapse, library books overdue, and hostel beds free.",
Operations Staff,Stores,Stores,Stock & movements,operations.stores.stock_movements,yes,"What is on hand against its reorder level, and recording an issue or a receipt.",
Operations Staff,Transport,Transport,Vehicles & routes,operations.transport.vehicles_routes,yes,"The vehicle register, the routes and their stops, and the driver phones paired as trackers.",
Operations Staff,Transport,Transport,Transport office,operations.transport.transport_office,yes,"Fuel and maintenance logs, pre-trip checks, incidents, student allocation and bus attendance.",
Operations Staff,Library,Library,Issue & return,operations.library.issue_return,yes,"The counter: scan a card, scan a book, issue or take it back.",
Operations Staff,Hostel,Hostel,Hostel & rooms,operations.hostel.hostel_rooms,yes,"Rooms, beds and who is in them; put a boarder in a free bed.",
Operations Staff,Communication,Communication,Messages,operations.communication.messages,yes,One colleague at a time.,
Operations Staff,My Profile,My Profile,Profile,operations.my_profile.profile,yes,"Your own name, phone, email and password.",
Operations Staff,My Profile,My Profile,My pay,operations.my_profile.my_pay,yes,"Your own payslips month by month, what was taken off and how much of it was tax, the days you were marked present, and the leave you have left.",
Driver / Bus Attendant,Home,Home,My run,driver.home.my_run,yes,"The bus you are on, the route and its stops, whether today's pre-trip check went in, and where to get the bus app.",
Driver / Bus Attendant,Transport,Transport,My bus & route,driver.transport.my_bus_route,yes,"Your bus, its papers, the stops in order with pickup and drop times, the riders at each, and the last fortnight's checks.",
Driver / Bus Attendant,My Profile,My Profile,Profile,driver.my_profile.profile,yes,"Your own name, phone, email and password.",
Driver / Bus Attendant,My Profile,My Profile,My pay,driver.my_profile.my_pay,yes,"Your own payslips month by month, what was taken off and how much of it was tax, the days you were marked present, and the leave you have left.",
Nurse / Clinic,Home,Home,Dashboard,nurse.home.dashboard,yes,"The clinic's day on one page: who has come in, what has been given, and the children whose file says something before anyone opens it.",
Nurse / Clinic,Clinic,Clinic,Visits & medication,nurse.clinic.visits_medication,yes,"Today's register: each child who came in, what was wrong, what was done, and the medication register beside it, with who allowed each dose.",
Nurse / Clinic,Clinic,Clinic,Checkups & camps,nurse.clinic.checkups_camps,yes,"The yearly health checkup per child, and the camps a visiting doctor runs.",
Nurse / Clinic,Clinic,Clinic,Health records,nurse.clinic.health_records,yes,"Allergies, chronic conditions, blood group and the family doctor, for the moment somebody needs them quickly.",
Nurse / Clinic,Communication,Communication,Messages,nurse.communication.messages,yes,One colleague at a time.,
Nurse / Clinic,My Profile,My Profile,My pay,nurse.my_profile.my_pay,yes,"Your own payslips month by month, what was taken off and how much of it was tax, the days you were marked present, and the leave you have left.",
Counsellor,Home,Home,Dashboard,counsellor.home.dashboard,yes,"The conversations open with families, the concerns teachers wrote this week, and the children whose health file flags something.",
Counsellor,Counselling,Counselling,Family conversations,counsellor.counselling.family_conversations,yes,Private threads with a child's family.,
Counsellor,Counselling,Counselling,Conduct notes,counsellor.counselling.conduct_notes,yes,"Praise and concerns teachers have recorded, one record read in order.",
Counsellor,Counselling,Counselling,Health records,counsellor.counselling.health_records,yes,"Allergies, chronic conditions and the family doctor, read from the clinic's master file.",
Counsellor,Communication,Communication,Messages,counsellor.communication.messages,yes,One colleague at a time.,
Counsellor,My Profile,My Profile,My pay,counsellor.my_profile.my_pay,yes,"Your own payslips month by month, what was taken off and how much of it was tax, the days you were marked present, and the leave you have left.",
Discipline Officer,Home,Home,Dashboard,discipline_officer.home.dashboard,yes,"Incidents still open, the serious ones, and what was written about conduct this week.",
Discipline Officer,Discipline,Discipline,Conduct notes,discipline_officer.discipline.conduct_notes,yes,"Badges and demerits: record praise or a concern against a child, and read what others have written.",
Discipline Officer,Discipline,Discipline,Incident log,discipline_officer.discipline.incident_log,yes,"Conduct records escalated by the office: severity, counselling, the parent meeting, and any suspension.",
Discipline Officer,Communication,Communication,Messages,discipline_officer.communication.messages,yes,One colleague at a time.,
Discipline Officer,My Profile,My Profile,My pay,discipline_officer.my_profile.my_pay,yes,"Your own payslips month by month, what was taken off and how much of it was tax, the days you were marked present, and the leave you have left.",
Hostel Warden,Home,Home,Dashboard,hostel_warden.home.dashboard,yes,"Passes waiting on you, who is out and late back, beds against boarders, and complaints still open.",
Hostel Warden,Hostel,Hostel,Hostel & rooms,hostel_warden.hostel.hostel_rooms,yes,"Blocks, rooms and who sleeps where, with a free bed to put a child in.",
Hostel Warden,Hostel,Hostel,Outpasses & mess,hostel_warden.hostel.outpasses_mess,yes,"Leave out of the hostel, complaints raised from it, and the week's mess menu.",
Hostel Warden,Hostel,Hostel,Night study,hostel_warden.hostel.night_study,yes,"Who was in the study hall, taken the way the register is.",
Hostel Warden,Hostel,Hostel,Visitor log,hostel_warden.hostel.visitor_log,yes,"Who came to see a boarder, when they arrived and when they left.",
Hostel Warden,Hostel,Hostel,Boarder laundry,hostel_warden.hostel.boarder_laundry,yes,"Bundles out and back, so a missing shirt has a record rather than an argument.",
Hostel Warden,Communication,Communication,Messages,hostel_warden.communication.messages,yes,One colleague at a time.,
Hostel Warden,My Profile,My Profile,My pay,hostel_warden.my_profile.my_pay,yes,"Your own payslips month by month, what was taken off and how much of it was tax, the days you were marked present, and the leave you have left.",
Activity / Sports Coordinator,Home,Home,Dashboard,activity_coord.home.dashboard,yes,"The clubs and teams running, how full each is, and the achievements waiting to be published.",
Activity / Sports Coordinator,Activities,Activities,Clubs & activities,activity_coord.activities.clubs_activities,yes,"The clubs, coaching and electives the school runs, when each meets, what it costs and who is in it.",
Activity / Sports Coordinator,Activities,Activities,Achievements showcase,activity_coord.activities.achievements_showcase,yes,"Awards and sports results, and the family's consent before a child's name goes in front of the school.",
Activity / Sports Coordinator,Activities,Activities,Circulars,activity_coord.activities.circulars,yes,"A notice to the classes concerned, fixtures, practice times, a trip, with who has read it.",
Activity / Sports Coordinator,Communication,Communication,Messages,activity_coord.communication.messages,yes,One colleague at a time.,
Activity / Sports Coordinator,My Profile,My Profile,My pay,activity_coord.my_profile.my_pay,yes,"Your own payslips month by month, what was taken off and how much of it was tax, the days you were marked present, and the leave you have left.",
Accounts & Finance,Home,Home,Dashboard,finance.home.dashboard,yes,"Collected today, collected this month, what is still outstanding, and the handful of things that need somebody this morning.",
Accounts & Finance,Fees,Fees,Take fee payment,finance.fees.take_fee_payment,yes,The counter.,
Accounts & Finance,Fees,Fees,Student wallets,finance.fees.student_wallets,yes,Digital money.,
Accounts & Finance,Fees,Fees,Online fee portal,finance.fees.online_fee_portal,yes,"Fees paid from home through the parent app, as they arrive: what succeeded, what failed and what the gateway is still holding, so a parent who says...",
Accounts & Finance,Fees,Fees,Unpaid fees & reminders,finance.fees.unpaid_fees_reminders,yes,"Who has not paid and how late they are, with the late fine applied by rule rather than by argument, and a reminder sent by WhatsApp, SMS or email.",
Accounts & Finance,Fees,Fees,Class & transport fee setup,finance.fees.class_transport_fee_setup,yes,"What each class is charged for the year, tuition, lab, transport by distance, with concessions and refunds, the receipt series, and the one action...",
Accounts & Finance,Campus Money,Campus Money,Cafeteria & store sales,finance.campus_money.cafeteria_store_sales,yes,"A till for the canteen and one for the store: record what a student bought for lunch, a book or a uniform, and close the drawer at the end of the day...",
Accounts & Finance,Campus Money,Campus Money,Donations & aid,finance.campus_money.donations_aid,yes,"Money that comes from outside the school, grant-in-aid, government scholarships, alumni giving, education loans, tracked apart from tuition so it can...",
Accounts & Finance,Campus Money,Campus Money,Store catalogue,finance.campus_money.store_catalogue,yes,"The store's price list as families see it, every active product, its price and stock, so the counter and a parent are looking at the same shelf.",
Accounts & Finance,Accounts,Accounts,Approve & pay salaries,finance.accounts.approve_pay_salaries,yes,"What HR calculated for the month, read before the money moves, and then the bank file that releases it.",
Accounts & Finance,Accounts,Accounts,Vendor bills & petty cash,finance.accounts.vendor_bills_petty_cash,yes,"Money leaving the school: supplier invoices for electricity and construction at one end, the tea and the minor repair at the other, and every expense...",
Accounts & Finance,Accounts,Accounts,School property & budgeting,finance.accounts.school_property_budgeting,yes,"Next year's spending limits against this year's actuals, and the register of what the school owns, buses, computers, desks, with what each is worth...",
Accounts & Finance,Banking & Reports,Banking & Reports,Match bank records,finance.banking_reports.match_bank_records,yes,"The bank statement against what the software recorded, cash and online together, so the month closes on one number rather than two.",
Accounts & Finance,Banking & Reports,Banking & Reports,Accounting & tax reports,finance.banking_reports.accounting_tax_reports,yes,"The daybook and cashbook, the ledger and trial balance, the chart of accounts, the year-end close, and the tax and audit statements, with a one-click...",
Accounts & Finance,Communication,Communication,Messages,finance.communication.messages,yes,One colleague at a time.,
Accounts & Finance,My Profile,My Profile,My pay,finance.my_profile.my_pay,yes,"Your own payslips month by month, what was taken off and how much of it was tax, the days you were marked present, and the leave you have left.",
Accounts & Finance,Fees,Student Dues,Automated Fee Reminders,finance.student_dues.automated_fee_reminders,yes,"Plans that remind parents of unpaid fees by WhatsApp, SMS or email on a schedule, with a dry run showing who would be sent what and the reason a plan...",
Admissions & Front Office,Home,Home,Dashboard,admissions.home.dashboard,yes,"New enquiries, applications received, offers pending and enrolment conversion, with the follow-ups due today underneath.",
Admissions & Front Office,Admissions,Enquiries,Enquiries,admissions.enquiries.enquiries,yes,"Every enquiry the school has taken, walk-in, telephone, website or referral, with the child, the class sought, the parent's number, how warm it is...",
Admissions & Front Office,Admissions,Enquiries,Assign Leads,admissions.enquiries.assign_leads,yes,Enquiries nobody is chasing yet.,
Admissions & Front Office,Admissions,Enquiries,Follow-up Calls,admissions.enquiries.follow_up_calls,yes,"The calls you owe parents today about their enquiry: who to ring, what was said last time, and what you promised.",
Admissions & Front Office,Admissions,Enquiries,24/7 Admission Chatbot,admissions.enquiries.24_7_admission_chatbot,not yet,Not buildable here: answering tuition and syllabus questions needs a language model this deployment does not have; the public enquiry form already...,
Admissions & Front Office,Admissions,Enquiries,AI Voice Agent Integration,admissions.enquiries.ai_voice_agent_integration,not yet,"Not buildable here: outbound voice calls need a telephony vendor and a speech model, neither of which this deployment holds.",
Admissions & Front Office,Admissions,Enquiries,Campus Visits,admissions.enquiries.campus_visits,yes,"Open houses, campus tours and counselling days: the slots on offer, who has booked one, who is showing them round, and who actually turned up.",
Admissions & Front Office,Admissions,Applications,Application Forms,admissions.applications.application_forms,yes,"Every form submitted, searchable by class and by whether the form fee is paid, with the filled form printable as it was answered.",
Admissions & Front Office,Admissions,Applications,Document Verification,admissions.applications.document_verification,yes,"Birth certificate, Aadhaar, transfer certificate and the last report card, each one marked verified, rejected or to be resubmitted, with the reason...",
Admissions & Front Office,Admissions,Applications,Form Builder,admissions.applications.form_builder,yes,"Build the online application form the whole city fills in, add and order the fields, save drafts and publish a version, and open or close admissions...",
Admissions & Front Office,Admissions,Applications,Student 360,admissions.applications.student_360,yes,"One child, whole: who to ring, the guardians on record, attendance, fees and conduct.",
Admissions & Front Office,Admissions,Applications,Certificates & transfers,admissions.applications.certificates_transfers,yes,"Issue a transfer, bonafide, conduct or study certificate, and read the register of every one the school has issued.",
Admissions & Front Office,Reports,Reports,Admission reports,admissions.reports.admission_reports,yes,"Enquiries, applications and admissions with the conversion between them, the numbers a management committee asks for.",
Admissions & Front Office,Reports,Reports,Dropped leads,admissions.reports.dropped_leads,yes,"Why parents did not join, counted: fees, distance, chose another school.",
Admissions & Front Office,Communication,Communication,Messages,admissions.communication.messages,yes,One colleague at a time.,
Admissions & Front Office,Communication,Communication,Applicant communication,admissions.communication.applicant_communication,yes,"Tell a family their offer is out, what paperwork is still missing, or when the entrance test is, by SMS, WhatsApp or email, to the families behind...",
Admissions & Front Office,My Profile,My Profile,My pay,admissions.my_profile.my_pay,yes,"Your own payslips month by month, what was taken off and how much of it was tax, the days you were marked present, and the leave you have left.",
Admissions & Front Office,Admissions,Admissions,Fee & Enrollment,admissions.admissions.fee_enrollment,yes,"The admitted queue, and the money that settles before a child becomes a student: what the class costs, the concession agreed at the desk, the...",
Admissions & Front Office,Admissions,Admissions,RTE Quota,admissions.admissions.rte_quota,yes,"The 25% the Act requires: applicants claiming it, the state portal reference against each, seats filled against seats mandated, and the zero-fee tag...",
Admissions & Front Office,Admissions,Admissions,Waitlist,admissions.admissions.waitlist,yes,"Who is next if a seat is given up, in order, with the date they went on.",
Admissions & Front Office,Front Desk,Front Desk,Front desk,admissions.front_desk.front_desk,yes,"Visitors on the premises, appointments booked, calls taken and post in and out, the four registers the front desk keeps, on one screen.",
Receptionist / Front Office,Front Desk,Front Desk,Front desk,front_office.front_desk.front_desk,yes,"Visitors on the premises, appointments booked, calls taken and post in and out, the four registers the front desk keeps, on one screen.",
Receptionist / Front Office,Communication,Communication,Messages,front_office.communication.messages,yes,One colleague at a time.,
Receptionist / Front Office,My Profile,My Profile,My pay,front_office.my_profile.my_pay,yes,"Your own payslips month by month, what was taken off and how much of it was tax, the days you were marked present, and the leave you have left.",
HR & Payroll,Home,Home,Dashboard,hr.home.dashboard,yes,"Who is away today and whose classes need covering, what paperwork is lapsing or missing, and the three jobs a day is mostly made of.",
HR & Payroll,Attendance & Leave,Attendance,Staff register,hr.attendance.staff_register,yes,"Today's attendance for every active member of staff, marked in one pass.",
HR & Payroll,Attendance & Leave,Attendance,Biometric Machine Attendance Sync,hr.attendance.biometric_machine_attendance_sync,yes,Real-time automated fetch of staff check-in/out logs from biometric hardware.,
HR & Payroll,Attendance & Leave,Attendance,Biometric Punch In/Out Grace Period,hr.attendance.biometric_punch_in_out_grace_period,yes,Configure 10-minute grace windows for morning staff check-in before triggering late mark deductions.,
HR & Payroll,Attendance & Leave,Attendance,Staff Working Hours,hr.attendance.staff_working_hours,yes,"The hours this school expects, named by the school and assigned to a department or a person: teaching, office and transport rarely start together.",
HR & Payroll,Attendance & Leave,Attendance,Staff Hours This Month,hr.attendance.staff_hours_this_month,yes,"One month of the fingerprint readers read against each person's own expected hours: days worked, half days, late arrivals, early departures, and the...",
HR & Payroll,Attendance & Leave,Attendance,Staff duty roster,hr.attendance.staff_duty_roster,yes,"Assign staff to campus duties - gate, ground, exam supervision, bus escort, library and lab.",
HR & Payroll,Attendance & Leave,Leave,Leave,hr.leave.leave,yes,"Leave balances, requests, approvals and holiday calendar.",
HR & Payroll,Attendance & Leave,Leave,Leave rules,hr.leave.leave_rules,yes,"The rules leave is decided by: how much of each type staff get a year, what counts as a late arrival and when it becomes loss of pay, and how a half...",
HR & Payroll,People,Hiring & Training,Staff hiring,hr.hiring_training.staff_hiring,yes,"Create job openings, track the people who apply and the demo lesson that decides, and turn a hire into a staff record without anybody typing the...",
HR & Payroll,People,Hiring & Training,Staff performance reviews,hr.hiring_training.staff_performance_reviews,yes,"Set up the yearly review cycle for teachers and staff: the scoring scale, when self-assessments are due and when the principal's review is due.",
HR & Payroll,People,Hiring & Training,Staff training & development,hr.hiring_training.staff_training_development,yes,"The training hours each board requires · CBSE asks fifty a year of teaching staff, and who is short of them, worst first, so the gap is closed before...",
HR & Payroll,Reports,Reports,Staff analytics & reports,hr.reports.staff_analytics_reports,yes,"Monthly summaries of staff numbers, who joined and left, attendance and leave, how teaching load is spread, and the papers coming up for renewal.",
HR & Payroll,Communication,Communication,Messages,hr.communication.messages,yes,One colleague at a time.,
HR & Payroll,My Profile,My Profile,My pay,hr.my_profile.my_pay,yes,"Your own payslips month by month, what was taken off and how much of it was tax, the days you were marked present, and the leave you have left.",
HR & Payroll,Employees,Records,Staff 360,hr.records.staff_records,yes,"Everyone who works here, in three tabs: the staff list with contact details and sign-in, the documents that are lapsing or missing, and ID card...",
HR & Payroll,Employees,Records,Service book & qualifications,hr.records.service_book_qualifications,yes,"The service record kept for each teacher over their career, postings, promotions, increments, and their degrees and teaching qualifications, which is...",
HR & Payroll,Employees,Onboarding & Exit,Staff joinings & exits,hr.onboarding_exit.staff_joinings_exits,yes,"One page, four tabs: the KYC and documents a new appointment depends on; the resignation, notice period and department-by-department clearance an...",
HR & Payroll,Payroll,Payroll,Monthly payroll,hr.payroll.monthly_payroll,yes,"Run the month's salaries, with loss of pay taken from the staff register rather than typed in.",
HR & Payroll,Payroll,Payroll,Salary setup,hr.payroll.salary_setup,yes,"What each member of staff is paid, and the components a payslip is built from, basic, allowances, provident fund, tax.",
HR & Payroll,Payroll,Payroll,Taxes & statutory,hr.payroll.taxes_statutory,yes,"Provident fund, state insurance and professional tax computed from the payslips actually issued, with the ECR and bank files government filing needs.",
HR & Payroll,People,Welfare,Staff welfare,hr.welfare.staff_welfare,yes,"Grievances raised by staff and how they were answered, the recognition wall, and whose birthday or work anniversary falls this week.",
IT Administrator,Home,Home,Systems desk,it_admin.home.systems_desk,yes,"Logins, who is signed in now, the job queues and what the audit log recorded today.",
IT Administrator,Access,Access,Users,it_admin.access.users,yes,"Every login in the school: create one, reset a password, disable an account, move roles between people.",
IT Administrator,Access,Access,Logins & sessions,it_admin.access.logins_sessions,yes,"Active sessions by person and device, and the one to sign out now.",
IT Administrator,Access,Access,Roles & permissions,it_admin.access.roles_permissions,yes,"What each role may do, and installing a role the school does not have yet.",
IT Administrator,Systems,Systems,Audit log,it_admin.systems.audit_log,yes,"Who changed what, when, from where.",
IT Administrator,Systems,Systems,Background jobs,it_admin.systems.background_jobs,yes,"Queue depth, retries and failures, and starting a job by hand.",
IT Administrator,Systems,Systems,Integrations,it_admin.systems.integrations,yes,"Every connector the school has switched on, whether it is working, and what an unset one needs.",
IT Administrator,Communication,Communication,Messages,it_admin.communication.messages,yes,One colleague at a time.,
IT Administrator,My Profile,My Profile,Profile,it_admin.my_profile.profile,yes,"Your own name, phone, email and password.",
IT Administrator,My Profile,My Profile,My pay,it_admin.my_profile.my_pay,yes,"Your own payslips month by month, what was taken off and how much of it was tax, the days you were marked present, and the leave you have left.",
LMS Admin,LMS,LMS,Courses & material,lms_admin.lms.courses,yes,"Every course in the school, one subject in one section: units and lessons by day with scheduled publishing, assignments with rubrics and marking, and...",
Student,Home,Home,My day,student.home.my_day,yes,"Next class, attendance %, assignments due, upcoming exam, fee due and latest announcement.",
Student,Home,Home,My planner,student.home.digital_diary_schedule,yes,"Track personal study schedules, project deadlines, and school calendar events.",
Student,Academics,Timetable,Timetable,student.timetable.timetable,yes,Daily/weekly class timetable and exam timetable.,
Student,Academics,Attendance,Attendance,student.attendance.attendance,yes,"Overall, subject-wise and date-wise attendance; leave/correction request if institution allows.",
Student,Academics,Homework,Homework & assignments,student.homework.homework_assignments,yes,View due/overdue/submitted work; submit files/text where enabled.,
Student,Academics,Learning,Courses / subjects,student.learning.courses_subjects,yes,"Current enrolled courses/subjects, teacher and learning resources.",
Student,Academics,Learning,LMS,student.learning.e_learning_resource_hub,yes,"Access teacher-uploaded video lectures, PDF notes, chapter slides, and reference links.",
Student,Academics,Learning,AI Personal Learning Companion,student.learning.ai_personal_learning_companion,not yet,Not built: needs an outside AI service the school would have to buy and be answerable for; nothing here can honestly tutor a child without it. 24/7...,
Student,Academics,Exams & Results,Exams & grades,student.exams_results.exams_grades,yes,"Exam schedule, marks, grades, published results and report cards.",
Student,Academics,Exams & Results,Academic record,student.exams_results.academic_record,yes,"Current/previous grades, transcript/academic history when published.",
Student,Fees,Fees,Fees,student.fees.fees,yes,"Current dues, fee history, payment status, online payment and receipts.",
Student,School,Notices & Calendar,Calendar,student.notices_calendar.calendar,yes,"Academic calendar, holidays, events and deadlines.",
Student,School,Notices & Calendar,Library Book Hold Request,student.notices_calendar.library_book_hold_request,yes,Reserve available library books online for pickup at the start of the next school day.,
Student,Requests,Requests,Requests,student.requests.requests,yes,"Ask the office for a document, bonafide, transfer certificate, conduct certificate, a duplicate ID card, and follow each request until the signed...",
Student,Profile,Profile,My ID card,student.profile.my_id_card,yes,"Your own school identity card: photo, name, admission number, class and the emergency contact, with the QR a gate reader scans.",
Parent / Guardian,Home,Home,Dashboard,parent.home.dashboard,yes,"Your child's day on one page: attendance, fees, homework and what the school has said, with anything waiting on you at the top.",
Parent / Guardian,My Child,Attendance,Attendance,parent.attendance.attendance,yes,Daily/monthly attendance and absence history for the selected child.,
Parent / Guardian,My Child,Academics,Homework & academics,parent.academics.homework_academics,yes,"Homework, classwork, subjects and published academic progress.",
Parent / Guardian,My Child,Academics,Timetable,parent.academics.timetable,yes,"Your child's week, period by period, the subject, the teacher and the room, the same grid the class teacher reads, so tomorrow's PT kit or lab day is...",
Parent / Guardian,My Child,Academics,Results & report cards,parent.academics.results_report_cards,yes,"Exam schedule, marks/grades and downloadable published report cards.",
Parent / Guardian,Fees,Fees,Fees & payments,parent.fees.fees_payments,yes,"Dues, installments, online payment and payment history, with a Receipts tab holding every payment the school has banked, to save as a PDF or print on...",
Parent / Guardian,Fees,Fees,Wallet,parent.fees.wallet,yes,"Your child's digital money: the prepaid balance the school holds, every top-up you have paid in and everything it has been spent on, per child.",
Parent / Guardian,Transport,My Child's Bus,Live bus tracking,parent.my_childs_bus.live_bus_tracking,yes,"Your child's bus: the route, the vehicle, their stop and when it is due, and where the bus is now, how far from the stop, and which way it is heading.",
Parent / Guardian,Transport,Alerts & Preferences,Parent Bus Proximity Radius Customizer,parent.alerts_preferences.parent_bus_proximity_radius_customizer,yes,"Allow parents to set custom distance alerts (e.g., alert me when bus is 1 km or 500m away).",
Parent / Guardian,School,Messages,Communication,parent.messages.communication,yes,"Three tabs on one screen: circulars and announcements from the school, a message to your child's class teacher, and any concern you have raised, what...",
Parent / Guardian,School,Messages,Teacher remarks,parent.messages.teacher_remarks,yes,Write a remark about one of your child's teachers.,
Parent / Guardian,School,School Life,Calendar & PTM,parent.school_life.calendar_ptm,yes,"Exams, holidays, events, parent-teacher meetings and booking where enabled.",
Parent / Guardian,Documents,Documents,Certificate requests,parent.documents.certificate_requests,yes,"Ask the office for a document about your child, bonafide, transfer certificate, conduct certificate, a duplicate ID card, and follow each request...",
Parent / Guardian,Requests,Leave & Absence,Apply Student Leave,parent.leave_absence.apply_student_leave,yes,"Report absence or apply for leave on one screen: a one-tap reason for tomorrow, or a longer leave application with a medical certificate, and follow...",
Parent / Guardian,Requests,Consent & Permissions,Permission Slips,parent.consent_permissions.permission_slips,yes,"Every slip the school needs signed, trips, medical, photography, data, with what you have already agreed to and when.",
Parent / Guardian,Profile,Profile,Digital Student ID Card View,parent.profile.digital_student_id_card_view,yes,Access child's digital student ID card with QR code directly within the mobile app.,
Parent / Guardian,Profile,Profile,Update my details,parent.profile.update_my_details,yes,"What the school holds about your child and your household, as the office sees it, and the parts you own left open to correct: home address, blood...",
Parent / Guardian,Profile,Profile,Language,parent.profile.language,yes,Read the app in English or Telugu.,
Parent / Guardian,Admissions,Admissions,Admission status,parent.admissions.admission_status,yes,"Follow your own admission from the enquiry onwards: the application, the documents still wanted, the test and the decision.",
Parent / Guardian,Store,Store,Product catalogue,parent.store.product_catalogue,yes,"The school store, to browse, uniforms, books, stationery and sports items with their prices and whether they are in stock.",
