Role,Workspace,Section,Feature,What it does,Data scope,Priority,Tier,Status,Cluster
Student,Academics,Learning,Courses / subjects,"Current enrolled courses/subjects, teacher and learning resources.",Self only,Must-Have,core,Buildable now,Student › Learning
Student,Academics,Learning,E-Learning Resource Hub,"Access teacher-uploaded video lectures, PDF notes, chapter slides, and reference links.",Specific student,Must-Have,core,Buildable now,Student › Learning
Student,Academics,Learning,Global University Guidance Counselor,"Track college application deadlines, essay drafts, and request teacher Letters of Recommendation (LOR).",Specific student,Nice-to-Have,optional,Buildable now,Student › Learning
Student,Academics,Learning,Peer Tutoring & Study Groups,Sign up as student tutors or request peer study group assistance in specific subjects.,Specific student,Must-Have,optional,Buildable now,Student › Learning
Student,Academics,Learning,Personal Academic Goal Setting Widget,Students set GPA and assignment score targets and view visual progress bars toward goals.,Specific student,Must-Have,core,Buildable now,Student › Learning
Student,Academics,Learning,Student Portfolio Management,"Maintain personal showcase portfolio containing certificates, creative projects, and sports records.",Specific student,Must-Have,advanced,Buildable now,Student › Learning
Student,Academics,Learning,Virtual Classroom Hand-Raise Telemetry,Log student digital hand-raises during live virtual classes to measure real-time engagement.,Specific student,Must-Have,optional,Buildable now,Student › Learning
Faculty / Teacher,Communication,Communication,Anecdotal Records,Maintain private qualitative observation notes regarding individual student behavioral growth.,Assigned classes/subjects,Must-Have,advanced,Buildable now,Faculty › Communication
Faculty / Teacher,Communication,Communication,Class Teacher Remarks,Enter term-end qualitative report card remarks and principal summary comments.,Assigned classes/subjects,Must-Have,core,Buildable now,Faculty › Communication
Faculty / Teacher,Communication,Communication,Classroom Communication Broadcasting,Send class-wide or student-specific notices directly to parents via app messenger.,Assigned classes/subjects,Must-Have,core,Buildable now,Faculty › Communication
Faculty / Teacher,Communication,Communication,Communication,"Announcements/messages to assigned classes, students or parents based on policy.",Self + assigned classes/subjects,Must-Have,core,Buildable now,Faculty › Communication
Faculty / Teacher,Communication,Communication,PTM Notes & Action Items,"Record Parent-Teacher Meeting attendance, parent concerns, and agreed action plans.",Assigned classes/subjects,Must-Have,core,Buildable now,Faculty › Communication
Faculty / Teacher,Communication,Communication,Remarks,Add permitted academic/class remarks and observations.,Self + assigned classes/subjects,Must-Have,core,Buildable now,Faculty › Communication
HR & Payroll,Employees,Onboarding & Exit,Staff Exit Interview Management,"Record exit interview feedback, clearance certificates from library/lab, and final settlement.",Assigned institution/campus,Must-Have,advanced,Buildable now,HR & Payroll › Onboarding & Exit
HR & Payroll,Employees,Onboarding & Exit,Staff Experience & Relieving Cards,"Generate Relieving Letters, Experience Certificates, and Service Certificates upon exit.",Assigned institution/campus,Should-Have,core,Buildable now,HR & Payroll › Onboarding & Exit
HR & Payroll,Employees,Onboarding & Exit,Staff Onboarding & KYC Verification,"Collect online employee onboarding forms, Aadhaar/PAN verification, and contract letters.",Assigned institution/campus,Should-Have,core,Buildable now,HR & Payroll › Onboarding & Exit
HR & Payroll,Employees,Onboarding & Exit,Teacher Relieving No-Deduction Clearance,"Verify digital clearance from Library, Science Labs, IT, and Finance prior to final salary settlement.",Assigned institution/campus,Must-Have,core,Buildable now,HR & Payroll › Onboarding & Exit
HR & Payroll,Employees,Onboarding & Exit,Teacher Transfer & Deputation,"Record inter-school transfers, deputations and the seniority list used by the state transfer counselling.",Assigned institution/campus,Should-Have,advanced,Buildable now,HR & Payroll › Onboarding & Exit
Institution Admin / Principal,Academics,Academics,Academic calendar,"Manage holidays, teaching days, exams, PTMs and institutional events.",Assigned institution/campus,Must-Have,core,Buildable now,Institution Admin › Academics
Institution Admin / Principal,Academics,Academics,Exams & marks monitoring,"Track marks-entry completion, review/approve internal marks where workflow requires, results and backlogs.",Assigned department only,Must-Have,core,Buildable now,Institution Admin › Academics
Institution Admin / Principal,Academics,Academics,Faculty Substitution Engine,View absent teachers and assign available proxy teachers based on free periods and expertise.,Assigned institution/campus,Should-Have,core,Buildable now,Institution Admin › Academics
Institution Admin / Principal,Academics,Academics,Faculty allocation,Assign faculty to subject/class and review unassigned subjects.,Assigned institution/campus,Should-Have,core,Buildable now,Institution Admin › Academics
Institution Admin / Principal,Academics,Academics,OBE / outcomes,"CO/PO mapping, attainment and gap analysis when enabled for higher education.",Assigned department only,Should-Have,core,Buildable now,Institution Admin › Academics
Institution Admin / Principal,Academics,Examinations,Baseline Performance Analysis,Analyze baseline student entry performance against end-of-term academic growth.,Assigned institution/campus,Must-Have,core,Buildable now,Institution Admin › Examinations
Institution Admin / Principal,Academics,Examinations,Board Result Import,"Import board results, map them to student records and publish to parents.",Assigned institution/campus,Must-Have,core,Buildable now,Institution Admin › Examinations
Institution Admin / Principal,Academics,Examinations,Intermediate Board Registration,Register Class 11 and 12 candidates with TSBIE including group and second language selection.,Assigned institution/campus,Must-Have,core,Buildable now,Institution Admin › Examinations
Institution Admin / Principal,Academics,Examinations,Performance overview,"Pass rate, subject performance, at-risk students and backlog summary.",Assigned institution/campus,Must-Have,core,Buildable now,Institution Admin › Examinations
Institution Admin / Principal,Academics,Examinations,SSC Board Registration,"Register Class 10 candidates with BSE Telangana, capture subject combinations and medium, and submit the nominal roll.",Assigned institution/campus,Must-Have,core,Buildable now,Institution Admin › Examinations
Institution Admin / Principal,Students,Students,Alumni Program Oversight,"Track annual graduating batch directory, alumni events, and alumni contribution funds.",Assigned institution/campus,Nice-to-Have,core,Buildable now,Institution Admin › Students
Institution Admin / Principal,Students,Students,Certificates & Document Templates,"Design and configure print templates for Transfer Certificates (TC), Bonafide, and Conduct cards.",Assigned institution/campus,Should-Have,core,Buildable now,Institution Admin › Students
Institution Admin / Principal,Students,Students,Department students,"Search students in the department; view attendance, results, CGPA/backlogs and advisor.",Assigned department only,Must-Have,core,Buildable now,Institution Admin › Students
Institution Admin / Principal,Students,Students,Disciplinary Incident Log,"Record student disciplinary actions, counseling notes, parent meeting logs, and suspensions.",Assigned institution/campus,Must-Have,core,Buildable now,Institution Admin › Students
Institution Admin / Principal,Students,Students,Student Council Management,"Define student council positions, log elected candidates, and track student leadership duties.",Assigned institution/campus,Must-Have,optional,Buildable now,Institution Admin › Students
Parent / Guardian,Profile,Profile,Digital Parent ID Card for Campus Entry,Display dynamic encrypted QR code parent ID on mobile app screen for entry at school gates.,Specific student,Should-Have,optional,Buildable now,Parent › Profile
Parent / Guardian,Profile,Profile,Digital Student ID Card View,Access child's digital student ID card with QR code directly within the mobile app.,Specific student,Must-Have,optional,Buildable now,Parent › Profile
Parent / Guardian,Profile,Profile,Multi-Language App Interface Toggle,"Switch complete parent mobile app UI between English, Hindi, Telugu, Tamil, Marathi, and regional languages.",Specific student,Should-Have,core,Buildable now,Parent › Profile
Parent / Guardian,Profile,Profile,Parent App Dark Mode & High Contrast Accessibility,Toggle high-contrast text modes and dark UI themes for low-vision parent app users.,Specific student,Nice-to-Have,optional,Buildable now,Parent › Profile
Parent / Guardian,Profile,Profile,Telugu Language Interface,"Use the parent app entirely in Telugu, including circulars, fee notices and report cards.",Specific student,Must-Have,advanced,Buildable now,Parent › Profile
Parent / Guardian,School,School Life,Calendar & PTM,"Exams, holidays, events, parent-teacher meetings and booking where enabled.",Linked child/children only,Must-Have,core,Buildable now,Parent › School Life
Parent / Guardian,School,School Life,Live Event Seating Pass,Download barcoded digital entry passes with pre-allocated row/seat numbers for school events.,Specific student,Should-Have,optional,Buildable now,Parent › School Life
Parent / Guardian,School,School Life,PTM Appointment Reminder Alert,Receive push notification reminders 15 minutes before scheduled virtual or physical PTM slot.,Specific student,Should-Have,core,Buildable now,Parent › School Life
Parent / Guardian,School,School Life,Parent-Teacher Meeting Booking,Select available PTM time slots to meet subject teachers without queueing.,Specific student,Should-Have,core,Buildable now,Parent › School Life
Parent / Guardian,School,School Life,School Photo & Video Gallery,"View high-resolution photos and videos from school sports day, annual day, and events.",Specific student,Should-Have,core,Buildable now,Parent › School Life
Super Admin,Platform Setup,Statutory & Boards,Board Affiliation & Disclosure,"Maintain CBSE/ICSE/State affiliation numbers, mandatory public disclosure documents and renewal dates.",All institutions / all campuses,Should-Have,core,Buildable now,Super Admin › Statutory & Boards
Super Admin,Platform Setup,Statutory & Boards,Child Info Portal Sync,Map school and student records to the Telangana Child Info portal register and reconcile differences.,All institutions / all campuses,Must-Have,core,Buildable now,Super Admin › Statutory & Boards
Super Admin,Platform Setup,Statutory & Boards,District & Mandal Master,"Maintain state, district, mandal and village/ward codes used by every government return.",All institutions / all campuses,Should-Have,core,Buildable now,Super Admin › Statutory & Boards
Super Admin,Platform Setup,Statutory & Boards,SQAA Framework Management,Configure School Quality Assessment and Assurance standards and self-assessment checklists.,All institutions / all campuses,Should-Have,advanced,Buildable now,Super Admin › Statutory & Boards
Super Admin,Platform Setup,Statutory & Boards,State Board Configuration,"Select the state education board (BSE Telangana SSC, TSBIE Intermediate, CBSE, ICSE) and its grading and assessment rules.",All institutions / all campuses,Should-Have,advanced,Buildable now,Super Admin › Statutory & Boards
Accounts & Finance,Accounting,Ledgers,Chart of Accounts Setup,"Define primary ledgers, income heads, expense heads, and asset/liability structure.",Assigned institution/campus,Must-Have,advanced,Buildable now,Accounts & Finance › Ledgers
Accounts & Finance,Accounting,Ledgers,Expenses / accounting,Basic institutional expense/account views if accounting is part of the ERP; otherwise integrate with finance system.,Assigned institution/campus finance scope,Must-Have,core,Buildable now,Accounts & Finance › Ledgers
Accounts & Finance,Accounting,Ledgers,Financial Year Closing,"Execute year-end financial closing, carry forward balances, and lock prior accounting periods.",Assigned institution/campus,Must-Have,advanced,Buildable now,Accounts & Finance › Ledgers
Accounts & Finance,Accounting,Ledgers,General Ledger & Trial Balance,"Post and review double-entry vouchers, run a trial balance, income and expenditure statement and balance sheet for the year; the books an auditor asks for.",Assigned institution/campus finance scope,Must-Have,advanced,Buildable now,Accounts & Finance › Ledgers
Faculty / Teacher,Teaching,Teaching,Assignments & submissions,"Create assignments, review submissions, grade and add feedback.",Self + assigned classes/subjects,Must-Have,core,Buildable now,Faculty › Teaching
Faculty / Teacher,Teaching,Teaching,LMS Study Material Upload,"Upload PDF notes, audio recordings, video links, and presentation slides per subject chapter.",Assigned classes/subjects,Should-Have,core,Buildable now,Faculty › Teaching
Faculty / Teacher,Teaching,Teaching,Live Virtual Class Launcher,Schedule and launch Zoom/Google Meet virtual classes directly from the teacher portal.,Assigned classes/subjects,Must-Have,core,Buildable now,Faculty › Teaching
Faculty / Teacher,Teaching,Teaching,Study materials,"Notes, worksheets and reference material shared with the class.",Assigned classes/subjects,Must-Have,core,Buildable now,Faculty › Teaching
Institution Admin / Principal,Operations,Hostel,Boarder Laundry Tracking,"Log clothes sent to commercial laundry, track token numbers, and manage returns.",Assigned campus,Should-Have,optional,Buildable now,Institution Admin › Hostel
Institution Admin / Principal,Operations,Hostel,Hostel Visitor Log,"Record parent/relative visits to hostel premises, check-in time, and exit verification.",Assigned campus,Should-Have,core,Buildable now,Institution Admin › Hostel
Institution Admin / Principal,Operations,Hostel,Night Study Room Attendance,Track boarder attendance in mandatory evening/night supervised study halls.,Assigned campus,Must-Have,optional,Buildable now,Institution Admin › Hostel
Institution Admin / Principal,Operations,Hostel,Room Inventory Checklists,"Inspect room furniture, lights, and appliances upon student check-in and check-out.",Assigned campus,Must-Have,core,Buildable now,Institution Admin › Hostel
Institution Admin / Principal,Operations,Infirmary,Annual Health Checkup Records,"Record height, weight, BMI, vision test, and dental health scores from annual doctor camps.",Assigned campus,Should-Have,core,Buildable now,Institution Admin › Infirmary
Institution Admin / Principal,Operations,Infirmary,Daily Nurse Visit Log,"Record infirmary visits, symptom observations, temperature, treatments, and resting duration.",Assigned campus,Should-Have,core,Buildable now,Institution Admin › Infirmary
Institution Admin / Principal,Operations,Infirmary,Medication Admin Register,Log doctor-prescribed medication administered to boarders/day students during school hours.,Assigned campus,Must-Have,core,Buildable now,Institution Admin › Infirmary
Institution Admin / Principal,Operations,Infirmary,School Health Programme Camps,"Record state school-health screening camps, referrals and follow-up treatment.",Assigned campus,Should-Have,core,Buildable now,Institution Admin › Infirmary
Parent / Guardian,School,Messages,Concerns & Grievance Ticketing,Raise academic or transport concerns and track resolution comments by school admin.,Specific student,Should-Have,core,Buildable now,Parent › Messages
Parent / Guardian,School,Messages,Direct Teacher Messaging,Send structured query messages directly to class teacher during designated hours.,Specific student,Should-Have,core,Buildable now,Parent › Messages
Parent / Guardian,School,Messages,Parent Community Discussion Forum,Participate in moderated class-level parent forums for event coordination.,Specific student,Should-Have,optional,Buildable now,Parent › Messages
Parent / Guardian,School,Messages,Private Counselor Chat Channel,Encrypted communication link with school counselor for sensitive family/child updates.,Specific student,Must-Have,core,Buildable now,Parent › Messages
Student,School,Campus Life,Digital Locker Combination & Access Log,Manage assigned physical hallway locker numbers and view digital access keycode history.,Specific student,Must-Have,optional,Buildable now,Student › Campus Life
Student,School,Campus Life,Lost & Found Item Board,Post missing items or report found items with photos on the digital lost-and-found board.,Specific student,Must-Have,optional,Buildable now,Student › Campus Life
Student,School,Campus Life,Lost & Found Photo Board with Claim Verification,View photos of lost items found on campus and submit digital claim proof to reclaim items.,Specific student,Must-Have,optional,Buildable now,Student › Campus Life
Student,School,Campus Life,Student Club Event Ticketing & QR Check-In,"Register for campus drama, music, or science events and generate QR-coded admission tickets.",Specific student,Must-Have,optional,Buildable now,Student › Campus Life
Student,Academics,Exams & Results,APAAR ID & Academic Bank of Credits,View the APAAR ID and accumulated NEP credits in the Academic Bank of Credits.,Specific student,Must-Have,advanced,Buildable now,Student › Exams & Results
Student,Academics,Exams & Results,Academic record,"Current/previous grades, transcript/academic history when published.",Self only,Must-Have,core,Buildable now,Student › Exams & Results
Student,Academics,Exams & Results,Online Exam Attempt Engine,Attempt timed online objective/MCQ tests and view instant automated scoring.,Specific student,Must-Have,core,Buildable now,Student › Exams & Results
Student,Academics,Exams & Results,Target Grade Calculator,Interactive tool calculating required marks in final exams to achieve a desired overall GPA/Grade.,Specific student,Must-Have,core,Buildable now,Student › Exams & Results
Accounts & Finance,Fees,Collections,GST Compliant Receipt Numbering,"Configure gapless receipt series, GST treatment per fee head and financial-year reset rules.",Assigned institution/campus,Must-Have,advanced,Buildable now,Accounts & Finance › Collections
Accounts & Finance,Fees,Collections,POS Canteen Terminal Integration,"Manage daily canteen meal purchases, card swipes, diet restrictions, and wallet debits.",Assigned campus,Must-Have,core,Buildable now,Accounts & Finance › Collections
Accounts & Finance,Fees,Collections,School Store & Merchandise Sales,"Sell uniforms, stationery, books, and track stock debits against student billing.",Assigned campus,Must-Have,core,Buildable now,Accounts & Finance › Collections
Accounts & Finance,Fees,Concessions & Refunds,Government Reimbursement Claims,"Raise and track RTE and fee-reimbursement claims against the state, with sanction and receipt status.",Assigned institution/campus,Must-Have,advanced,Buildable now,Accounts & Finance › Concessions & Refunds
Accounts & Finance,Fees,Concessions & Refunds,NSP Scholarship Reconciliation,Track National Scholarship Portal and state scholarship disbursements against student ledgers.,Assigned institution/campus,Must-Have,advanced,Buildable now,Accounts & Finance › Concessions & Refunds
Accounts & Finance,Fees,Concessions & Refunds,Student Loan Assistance Portal,Initiate and track third-party NBFC/Bank education loan application workflows.,Assigned institution/campus,Must-Have,advanced,Buildable now,Accounts & Finance › Concessions & Refunds
Accounts & Finance,Fees,Reconciliation,Bank Reconciliation Statement (BRS),Reconcile internal cashbook entries against official bank statement passbooks.,Assigned institution/campus,Must-Have,advanced,Buildable now,Accounts & Finance › Reconciliation
Accounts & Finance,Fees,Reconciliation,Connected Banking Payouts,Execute direct vendor payments and staff refund transfers directly from ERP via API.,Assigned institution/campus,Must-Have,core,Buildable now,Accounts & Finance › Reconciliation
Accounts & Finance,Fees,Reconciliation,Student Bank Account Register,Maintain student bank account and IFSC details for scholarship and incentive direct benefit transfers.,Assigned institution/campus,Must-Have,core,Buildable now,Accounts & Finance › Reconciliation
HR & Payroll,People,Hiring & Growth,Annual Performance Appraisal (KPI),"Set staff KPIs, collect peer/principal ratings, and process annual increment percentages.",Assigned institution/campus,Must-Have,core,Buildable now,HR & Payroll › Hiring & Growth
HR & Payroll,People,Hiring & Growth,Recruitment,"Openings, candidates, interviews and offers when ATS is enabled.",Assigned institution/campus employees,Should-Have,core,Buildable now,HR & Payroll › Hiring & Growth
HR & Payroll,People,Hiring & Growth,Staff Training & Workshop Logs,"Log mandatory teacher professional development hours, workshops attended, and certs.",Assigned institution/campus,Should-Have,core,Buildable now,HR & Payroll › Hiring & Growth
HR & Payroll,Attendance & Leave,Leave,Half-Day Leave Deduction Calculation,Auto-calculate half-day salary deductions when staff check out earlier than prescribed shift hours.,Assigned institution/campus,Must-Have,core,Buildable now,HR & Payroll › Leave
HR & Payroll,Attendance & Leave,Leave,Late Arrival & Loss of Pay (LOP),Configure auto-deduction rules for late arrivals or unexcused absences leading to LOP.,Assigned institution/campus,Should-Have,core,Buildable now,HR & Payroll › Leave
HR & Payroll,Attendance & Leave,Leave,Leave Policy Configuration,"Define Casual Leave, Sick Leave, Earned Leave, Maternity Leave rules and carry-forward limits.",Assigned institution/campus,Should-Have,core,Buildable now,HR & Payroll › Leave
HR & Payroll,People,Welfare,Staff Birthday & Anniversary Alerts,Trigger automated birthday and work anniversary greetings across app and staff wall.,Assigned institution/campus,Should-Have,optional,Buildable now,HR & Payroll › Welfare
HR & Payroll,People,Welfare,Staff Grievance Cell,Confidential ticketing channel for staff members to report workplace issues to management.,Assigned institution/campus,Should-Have,advanced,Buildable now,HR & Payroll › Welfare
HR & Payroll,People,Welfare,Staff Recognition & Wall,"Broadcast 'Teacher of the Month' awards, peer praises, and school achievements.",Assigned institution/campus,Should-Have,optional,Buildable now,HR & Payroll › Welfare
Institution Admin / Principal,Reports,Analysis,Custom Report Builder,"Build custom drag-and-drop reports selecting desired data fields, filters, and export formats.",Assigned institution/campus,Should-Have,core,Buildable now,Institution Admin › Analysis
Institution Admin / Principal,Reports,Analysis,Department reports,"Attendance, workload, results, backlogs and department summary reports.",Assigned department only,Must-Have,core,Buildable now,Institution Admin › Analysis
Institution Admin / Principal,Reports,Analysis,Performance analytics,"Subject pass rate, semester trends, at-risk students and department performance.",Assigned department only,Must-Have,core,Buildable now,Institution Admin › Analysis
Institution Admin / Principal,Operations,Transport,Bus Speeding & Rash Driving Alerts,Receive immediate dashboard alerts if a driver exceeds pre-set campus speed limits.,Assigned campus,Must-Have,advanced,Buildable now,Institution Admin › Transport
Institution Admin / Principal,Operations,Transport,Geo-fenced Bus Stop Alerts,Trigger automated proximity SMS/Push notifications to parents 5 minutes before bus arrives.,Assigned campus,Should-Have,advanced,Buildable now,Institution Admin › Transport
Institution Admin / Principal,Operations,Transport,Live vehicle tracking,"Where every bus is now, against the route it should be running.",Only assigned operational module/campus,Must-Have,core,Buildable now,Institution Admin › Transport
Parent / Guardian,Transport,My Child's Bus,Live Bus Tracking Map,View real-time movement of child's bus on an interactive map with estimated time of arrival.,Specific student,Should-Have,core,Buildable now,Parent › My Child's Bus
Parent / Guardian,Transport,My Child's Bus,School Transport Driver Call Button,Direct masked call connection to bus attendant/driver during bus transit hours.,Specific student,Should-Have,core,Buildable now,Parent › My Child's Bus
Parent / Guardian,Transport,My Child's Bus,Transport snapshot,Bus route/stop/tracking only when transport module is enabled.,Linked child/children only,Should-Have,core,Buildable now,Parent › My Child's Bus
Super Admin,Platform Setup,Campuses & Academic Year,Academic Calendar Model,Configure the June-April school year separately from the April-March financial year used for receipts.,All institutions / all campuses,Must-Have,core,Buildable now,Super Admin › Campuses & Academic Year
Super Admin,Platform Setup,Campuses & Academic Year,Franchise Management,"Centralized administrative oversight, asset sharing, and brand compliance for franchise chains.",All institutions / all campuses,Nice-to-Have,core,Buildable now,Super Admin › Campuses & Academic Year
Super Admin,Platform Setup,Campuses & Academic Year,White-Label Branding,"Configure custom logos, domain names, color themes, login portal banners, and email header templates.",All institutions / all campuses,Must-Have,core,Buildable now,Super Admin › Campuses & Academic Year
Super Admin,Platform Setup,Payments & Devices,Meritto / LeadSquared Sync,"Map lead sources, counselor assignments, and multi-touch lead status sync with external CRMs.",All institutions / all campuses,Should-Have,core,Buildable now,Super Admin › Payments & Devices
Super Admin,Platform Setup,Payments & Devices,Tally ERP / Prime Connector,"Configure ledger XML exports, cost-center mapping, and automated batch voucher sync.",All institutions / all campuses,Must-Have,advanced,Buildable now,Super Admin › Payments & Devices
Super Admin,Platform Setup,Payments & Devices,Virtual Classroom Integration,"Connect Zoom, Google Meet, and Microsoft Teams tenant accounts for seamless live streaming.",All institutions / all campuses,Must-Have,core,Buildable now,Super Admin › Payments & Devices
Accounts & Finance,Accounting,Assets & Budget,Budgeting & Variance Analysis,Set annual departmental budgets and track real-time actual spend versus allocated budget.,Assigned institution/campus,Should-Have,advanced,Buildable now,Accounts & Finance › Assets & Budget
Accounts & Finance,Accounting,Assets & Budget,Fixed Asset Register & Depreciation,"Track capital assets with purchase value, useful life and location; compute straight-line or WDV depreciation and post the annual charge.",Assigned institution/campus finance scope,Should-Have,advanced,Buildable now,Accounts & Finance › Assets & Budget
Accounts & Finance,Accounting,Payables,Petty Cash Voucher Management,"Log daily cash expenses, upload paper receipts, and enforce petty cash limit approvals.",Assigned institution/campus,Must-Have,advanced,Buildable now,Accounts & Finance › Payables
Accounts & Finance,Accounting,Payables,Vendor Management & Accounts Payable,"Maintain vendor directory, log purchase bills, track due dates, and issue payment vouchers.",Assigned institution/campus,Must-Have,core,Buildable now,Accounts & Finance › Payables
Accounts & Finance,Reports,Reports,Daybook & Cashbook Reports,"Generate daily cashbook transactions, summary collections, and closing cash register.",Assigned institution/campus,Should-Have,core,Buildable now,Accounts & Finance › Reports
Accounts & Finance,Reports,Reports,Taxation & Audit Reports,"Export GST summaries, TDS collection reports, and audited financial statements.",Assigned institution/campus,Must-Have,advanced,Buildable now,Accounts & Finance › Reports
Faculty / Teacher,Assessments,Assessment Schemes,CCE Formative Assessment Entry,"Record FA1 to FA4 formative marks out of 20 covering written work, project, slip test and participation.",Assigned classes/subjects,Must-Have,advanced,Buildable now,Faculty › Assessment Schemes
Faculty / Teacher,Assessments,Assessment Schemes,CCE Summative Assessment Entry,Record SA1 to SA3 summative marks out of 80 as per the state board CCE scheme.,Assigned classes/subjects,Must-Have,advanced,Buildable now,Faculty › Assessment Schemes
Faculty / Teacher,My Classes,My Classes,Language Subject Allocation,"Assign first, second and third language per student where the school offers Telugu, English, Urdu and Hindi.",Assigned classes/subjects,Must-Have,core,Buildable now,Faculty › My Classes
Faculty / Teacher,My Classes,My Classes,Student Portfolio Builder,"Upload student artwork, project photos, certificates, and audio files into digital portfolios.",Assigned classes/subjects,Must-Have,advanced,Buildable now,Faculty › My Classes
Faculty / Teacher,Assessments,Question Papers & Online Tests,Objective Online Test Creation,"Create auto-graded MCQ, True/False, and Fill-in-the-blank online tests with timers.",Assigned classes/subjects,Must-Have,advanced,Buildable now,Faculty › Question Papers & Online Tests
Faculty / Teacher,Assessments,Question Papers & Online Tests,Question Bank Management,"Create objective/subjective question banks tagged by chapter, difficulty, and Bloom's level.",Assigned classes/subjects,Should-Have,advanced,Buildable now,Faculty › Question Papers & Online Tests
HR & Payroll,Employees,Records,Staff Service Book Digitalization,"Maintain complete service book history including promotion orders, transfers, and disciplinary actions.",Assigned institution/campus,Should-Have,advanced,Buildable now,HR & Payroll › Records
HR & Payroll,Employees,Records,Teacher Qualification Register,"Maintain B.Ed, D.El.Ed, TET and subject-competency records required by the board and for inspections.",Assigned institution/campus,Should-Have,advanced,Buildable now,HR & Payroll › Records
HR & Payroll,Employees,Verification,Medical Fitness Certificate Registry,"Track mandatory annual medical fitness clearances for food handlers, bus drivers, and nannies.",Assigned institution/campus,Should-Have,advanced,Buildable now,HR & Payroll › Verification
HR & Payroll,Employees,Verification,Staff Criminal Background Verification,Upload and verify third-party police verification certificates for all teaching and non-teaching staff.,Assigned institution/campus,Should-Have,advanced,Buildable now,HR & Payroll › Verification
Institution Admin / Principal,Administration,Boards & Accreditation,Board Exam LOC Submission,"Prepare the Class X and XII List of Candidates, verify subject combinations and export in board format.",Assigned institution/campus,Must-Have,core,Buildable now,Institution Admin › Boards & Accreditation
Institution Admin / Principal,Administration,Boards & Accreditation,SQAA Compliance Tracking,"Track internal audit checklists, document evidence, and evaluate board compliance ratings.",Assigned institution/campus,Must-Have,advanced,Buildable now,Institution Admin › Boards & Accreditation
Institution Admin / Principal,Communication,Communication,Parent Feedback & Grievance Hub,"Review escalated parent complaints, assign resolution owners, and track resolution SLA.",Assigned institution/campus,Must-Have,core,Buildable now,Institution Admin › Communication
Institution Admin / Principal,Communication,Communication,School Achievements Showcase,"Log awards, sports victories, academic honors, and publish them to parent/student portals.",Assigned institution/campus,Must-Have,optional,Buildable now,Institution Admin › Communication
Institution Admin / Principal,Staff,Department,Department academics,"Programs, courses/subjects, batches/sections and department academic calendar.",Assigned department only,Should-Have,core,Buildable now,Institution Admin › Department
Institution Admin / Principal,Staff,Department,Department timetable,View class/faculty/room timetable and manage department substitutions within permission.,Assigned department only,Must-Have,core,Buildable now,Institution Admin › Department
Institution Admin / Principal,Finance,Fees,Fee Regulatory Committee Filing,Prepare the fee structure justification and supporting accounts required by the state fee regulator.,Assigned institution/campus,Must-Have,core,Buildable now,Institution Admin › Fees
Institution Admin / Principal,Finance,Fees,Fee overview,"Collection, outstanding, defaulters, discounts/scholarships summary; detailed accounting stays with Finance.",Assigned institution/campus,Must-Have,core,Buildable now,Institution Admin › Fees
Institution Admin / Principal,Administration,Statutory Returns,Child Info Reconciliation,Compare the school roll against the Telangana Child Info register and resolve mismatches before the state deadline.,Assigned institution/campus,Must-Have,advanced,Buildable now,Institution Admin › Statutory Returns
Institution Admin / Principal,Administration,Statutory Returns,Working Days & Instructional Hours,Track sanctioned working days and instructional hours against the state academic calendar.,Assigned institution/campus,Must-Have,core,Buildable now,Institution Admin › Statutory Returns
Parent / Guardian,Fees,Fees,Child Daily Cafeteria Purchase Timeline,"View exact timestamped items, prices, and nutritional content bought by child in canteen.",Specific student,Should-Have,optional,Buildable now,Parent › Fees
Parent / Guardian,Fees,Fees,Digital Fee Receipt PDF Download,Download official stamped PDF fee receipts directly to parent smartphone storage.,Specific student,Must-Have,core,Buildable now,Parent › Fees
Parent / Guardian,Requests,Leave & Absence,Apply Student Leave,Submit digital student leave applications with reason and medical certificate attachments.,Specific student,Must-Have,core,Buildable now,Parent › Leave & Absence
Parent / Guardian,Requests,Leave & Absence,Requests,Submit leave/permission/certificate/help requests on behalf of child where allowed.,Linked child/children only,Must-Have,core,Buildable now,Parent › Leave & Absence
Seller Admin,Support,Support,Impersonation & Audit,"Act as a school's administrator to reproduce a fault, with every such session recorded and visible to that school.",All institutions / all campuses,Must-Have,core,Buildable now,Seller Admin › Support
Seller Admin,Support,Support,Support Tickets,"Tickets raised by schools, with the tenant, severity, owner and time open.",All institutions / all campuses,Must-Have,core,Buildable now,Seller Admin › Support
Seller Admin,Usage & Health,Usage & Health,Adoption Metrics,"Sign-ins, active users and transactions per school per week — the leading indicator of renewal.",All institutions / all campuses,Should-Have,core,Buildable now,Seller Admin › Usage & Health
Seller Admin,Usage & Health,Usage & Health,Instance Health,"Error rates, queue depth and slow endpoints per tenant, so the vendor sees a problem before the school reports it.",All institutions / all campuses,Must-Have,core,Buildable now,Seller Admin › Usage & Health
Student,School,Alumni,Alumni Job & Internship Board,Senior students access exclusive internship and entry-level job posts shared by alumni network.,Specific student,Nice-to-Have,optional,Buildable now,Student › Alumni
Student,School,Alumni,Alumni Network Registration,Register for the official school alumni network upon passing out to stay connected with batchmates.,Specific student,Nice-to-Have,optional,Buildable now,Student › Alumni
Student,Home,Home,Custom Theme Selection,"Customize student portal appearance with dark mode, high-contrast mode, or color themes.",Specific student,Must-Have,optional,Buildable now,Student › Home
Student,Home,Home,Digital Diary & Schedule,"Track personal study schedules, project deadlines, and school calendar events.",Specific student,Must-Have,core,Buildable now,Student › Home
Student,Academics,Homework,Classmate Homework Help Forum,Moderated discussion board where students can post homework questions and share study hints.,Specific student,Must-Have,optional,Buildable now,Student › Homework
Student,Academics,Homework,Classroom Note-Sharing Repository,"Peer-moderated repository where student notes, summaries, and revision guides are shared and upvoted.",Specific student,Must-Have,core,Buildable now,Student › Homework
Student,School,Notices & Calendar,Calendar,"Academic calendar, holidays, events and deadlines.",Self only,Must-Have,core,Buildable now,Student › Notices & Calendar
Student,School,Notices & Calendar,Library Book Hold Request,Reserve available library books online for pickup at the start of the next school day.,Specific student,Must-Have,core,Buildable now,Student › Notices & Calendar
Student,Requests,Requests,Documents,"Access published certificates, receipts, report cards and permitted personal documents.",Self only,Must-Have,core,Buildable now,Student › Requests
Student,Requests,Requests,Requests,"Leave, certificate, bonafide, ID card, add/drop or help request depending on institution type.",Self only,Must-Have,core,Buildable now,Student › Requests
Student,School,Wellbeing,Self-Referral to School Counselor,Discreet digital button allowing students to request a private chat or meeting with the counselor.,Specific student,Must-Have,core,Buildable now,Student › Wellbeing
Student,School,Wellbeing,Wellness & Mood Check-In Widget,"Daily 5-second mood check-in allowing students to express how they feel (Happy, Stressed, Overwhelmed).",Specific student,Must-Have,core,Buildable now,Student › Wellbeing
Super Admin,Platform Setup,Messaging,Automated Trigger Rules,"Set trigger conditions for instant automated notifications on absence, fee due, or bus delay.",All institutions / all campuses,Must-Have,core,Buildable now,Super Admin › Messaging
Super Admin,Platform Setup,Messaging,Email Server (SMTP) Integration,"Configure SMTP credentials, send grid settings, DKIM/SPF verification, and email dispatch logs.",All institutions / all campuses,Must-Have,core,Buildable now,Super Admin › Messaging
Accounts & Finance,Accounting,Export,Tally Prime XML Export,"Export daybook vouchers, fee sales, and cash receipts in Tally-compatible XML format.",Assigned institution/campus,Must-Have,advanced,Buildable now,Accounts & Finance › Export
Accounts & Finance,Fees,Fee Structure,Fee Structure Versioning,Version fee structures across academic years with mid-year revision and pro-rata recalculation.,Assigned institution/campus,Must-Have,advanced,Buildable now,Accounts & Finance › Fee Structure
Accounts & Finance,Fees,Student Dues,Late Fine Rules Engine,"Configure daily, fixed, or percentage-based late fee fines with grace period thresholds.",Assigned institution/campus,Must-Have,core,Buildable now,Accounts & Finance › Student Dues
Admissions & Front Office,Admissions,Applications,Online Application Form Builder,Configure custom digital admission application forms with file upload rules and field validation.,Assigned institution/campus,Must-Have,core,Buildable now,Admissions & Front Office › Applications
Admissions & Front Office,Reports,Reports,Lost Lead Reason Analysis,"Record and analyze rejection/drop-out reasons (Fee too high, Distance, Selected other school).",Assigned institution/campus,Must-Have,core,Buildable now,Admissions & Front Office › Reports
Faculty / Teacher,My Classes,Attendance,Offline Attendance & Diary Capture,"Mark attendance and write diary notes with no network, held on the device and synchronised automatically once a connection returns.",Assigned classes/subjects,Nice-to-Have,core,Buildable now,Faculty › Attendance
Faculty / Teacher,Teaching,Timetable,Substitution Request Submission,Request advance leave and propose peer faculty substitution for approval.,Assigned classes/subjects,Should-Have,core,Buildable now,Faculty › Timetable
HR & Payroll,Attendance & Leave,Attendance,Staff Shift & Rostering,"Configure morning, afternoon, or administrative staff shift timings and rotational rosters.",Assigned institution/campus,Should-Have,core,Buildable now,HR & Payroll › Attendance
HR & Payroll,Reports,Reports,HR reports,"Headcount, attendance, leave and payroll summaries.",Assigned institution/campus employees,Must-Have,core,Buildable now,HR & Payroll › Reports
Institution Admin / Principal,Staff,Evaluation,360 Evaluation Oversight,"Monitor teacher peer reviews, principal observations, and parent feedback ratings.",Assigned institution/campus,Must-Have,core,Buildable now,Institution Admin › Evaluation
Institution Admin / Principal,Home,Home,Today,Today's classes/exams/events and important announcements.,Assigned institution/campus,Must-Have,core,Buildable now,Institution Admin › Home
Institution Admin / Principal,Administration,Mid-Day Meal,MDM Utilisation Report,"Reconcile meals served against enrolment and attendance, and generate the monthly utilisation return.",Assigned institution/campus,Must-Have,advanced,Buildable now,Institution Admin › Mid-Day Meal
Institution Admin / Principal,Reports,Standard,Fee Collection Summaries,"View real-time fee collection breakdown by class, payment mode, and outstanding aging.",Assigned institution/campus,Must-Have,core,Buildable now,Institution Admin › Standard
Institution Admin / Principal,Operations,Stores,Purchase Order Workflow,"Raise Purchase Requisitions, compare vendor quotes, issue POs, and record GRN receipts.",Assigned campus,Must-Have,core,Buildable now,Institution Admin › Stores
Parent / Guardian,My Child,Academics,IEP Progress Goal Tracker,View real-time progress bars towards child's specific IEP milestones and therapy goals.,Specific student,Should-Have,advanced,Buildable now,Parent › Academics
Parent / Guardian,Transport,Alerts & Preferences,Parent Bus Proximity Radius Customizer,"Allow parents to set custom distance alerts (e.g., alert me when bus is 1 km or 500m away).",Specific student,Should-Have,optional,Buildable now,Parent › Alerts & Preferences
Parent / Guardian,My Child,Attendance,Child Absence Reporting Button,Notify class teacher in advance of child's planned absence with 1-click reason selection.,Specific student,Must-Have,core,Buildable now,Parent › Attendance
Parent / Guardian,Requests,Consent,Parent Delegation for Emergency Pickup,Generate single-use digital QR authorization passes for friends/relatives picking up child in emergency.,Specific student,Should-Have,core,Buildable now,Parent › Consent
Parent / Guardian,Home,Home,Real-Time Push Notifications,"Receive instant app push alerts for homework, circulars, fee dues, and attendance.",Specific student,Must-Have,core,Buildable now,Parent › Home
Seller Admin,Entitlements,Entitlements,Module Entitlement Matrix,Which modules each plan and each school may use; switching one off hides it from that school's navigation.,All institutions / all campuses,Must-Have,core,Buildable now,Seller Admin › Entitlements
Super Admin,AI & Automation,AI & Automation,Automated Timetable Optimizer,"Genetic algorithms solving complex multi-variable faculty, room, and elective timetable constraints.",All institutions / all campuses,Nice-to-Have,core,Buildable now,Super Admin › AI & Automation
Super Admin,Access & Security,Access & Security,SSO / MFA,Configure single sign-on and multi-factor authentication when required.,All users,Must-Have,core,Buildable now,Super Admin › Access & Security
Super Admin,Institution Setup,Institution Setup,Branding,"Logo, institution name, colors and portal identity per tenant/campus.",All institutions / all campuses,Must-Have,core,Buildable now,Super Admin › Institution Setup
Super Admin,Platform Setup,Operations,Data Backup & Restore,Schedule automated cloud database backups and manage point-in-time recovery archives.,All institutions / all campuses,Should-Have,core,Buildable now,Super Admin › Operations
Super Admin,Platform Configuration,Platform Configuration,Numbering & templates,"Configure receipt, admission, student ID and certificate numbering/templates.",All institutions / all campuses,Must-Have,core,Buildable now,Super Admin › Platform Configuration
Student,Academics,Learning,AI Personal Learning Companion,"24/7 AI tutor answering student doubts, explaining math problems step-by-step, and generating practice quizzes.",Specific student,Nice-to-Have,core,"Speculative — AI or gamification, needs your call",Student › Learning
Student,Academics,Learning,Gamified Learning Badge Showcase,"Display earned academic, behavioral, and extracurricular digital badges on public student profile.",Specific student,Nice-to-Have,optional,"Speculative — AI or gamification, needs your call",Student › Learning
Student,Academics,Learning,Gamified Learning Streak Counter,Visual daily login and homework completion streak counter rewarding students with digital badges.,Specific student,Nice-to-Have,optional,"Speculative — AI or gamification, needs your call",Student › Learning
Institution Admin / Principal,Academics,Academics,Master Timetable Generation,Auto-generate clash-free class/faculty timetables with room and subject constraints.,Assigned institution/campus,Must-Have,core,"Speculative — AI or gamification, needs your call",Institution Admin › Academics
Super Admin,Platform Setup,Statutory & Boards,School Management Type,"Classify each campus as Government, Aided, Private Unaided, Model School, Gurukul or KGBV for state reporting.",All institutions / all campuses,Should-Have,core,"Speculative — AI or gamification, needs your call",Super Admin › Statutory & Boards
Parent / Guardian,School,Messages,AI Voice Search for School Notices,Voice-activated search allowing parents to ask 'When is the next fee due date?' in regional languages.,Specific student,Nice-to-Have,optional,"Speculative — AI or gamification, needs your call",Parent › Messages
Student,School,Campus Life,Digital Hall of Fame,"Showcase historic trophies, school record holders, and national rankers across academic/sports.",Specific student,Must-Have,optional,"Speculative — AI or gamification, needs your call",Student › Campus Life
Student,School,Campus Life,Student Wall & Peer Recognition,"View school news, student council announcements, badge achievements, and art features.",Specific student,Must-Have,optional,"Speculative — AI or gamification, needs your call",Student › Campus Life
Accounts & Finance,Fees,Concessions & Refunds,Grant-in-Aid Accounting,"Track government grant-in-aid receipts, utilisation certificates and unspent balances.",Assigned institution/campus,Must-Have,advanced,"Speculative — AI or gamification, needs your call",Accounts & Finance › Concessions & Refunds
Faculty / Teacher,Assessments,Question Papers & Online Tests,AI Examcell Paper Generator,"Auto-generate exam papers matching blueprint matrices, mark weightage, and difficulty ratios.",Assigned classes/subjects,Nice-to-Have,advanced,"Speculative — AI or gamification, needs your call",Faculty › Question Papers & Online Tests
Faculty / Teacher,Assessments,Question Papers & Online Tests,Ved AI Assessment Assistant,"Use AI suggestions for creating creative rubric criteria, quiz questions, and essay prompts.",Assigned classes/subjects,Nice-to-Have,advanced,"Speculative — AI or gamification, needs your call",Faculty › Question Papers & Online Tests
Institution Admin / Principal,Administration,Mid-Day Meal,Mid-Day Meal Register,"Record the daily cooked-meal headcount, rice consumption and menu for government and aided schools.",Assigned institution/campus,Must-Have,advanced,"Speculative — AI or gamification, needs your call",Institution Admin › Mid-Day Meal
Parent / Guardian,My Child,Academics,AI Child Performance Summary Audio,Generate a weekly 60-second audio podcast summarizing the child's academic and behavioral week.,Specific student,Nice-to-Have,optional,"Speculative — AI or gamification, needs your call",Parent › Academics
Super Admin,AI & Automation,AI & Automation,AI Sentiment Analysis on Feedback,Natural Language Processing on parent complaints and reviews to gauge overall campus sentiment.,All institutions / all campuses,Nice-to-Have,core,"Speculative — AI or gamification, needs your call",Super Admin › AI & Automation
Super Admin,AI & Automation,AI & Automation,Automated Exam Question Translation,AI translation engine converting English question banks into regional languages instantly.,All institutions / all campuses,Nice-to-Have,core,"Speculative — AI or gamification, needs your call",Super Admin › AI & Automation
Super Admin,AI & Automation,AI & Automation,Predictive Dropout Risk Engine,"AI models analyzing attendance, grades, and fee delays to predict student churn risk.",All institutions / all campuses,Nice-to-Have,core,"Speculative — AI or gamification, needs your call",Super Admin › AI & Automation
Super Admin,AI & Automation,AI & Automation,Smart Fee Cash Flow Predictor,Predictive modeling forecasting next quarter's fee collections based on historical payment patterns.,All institutions / all campuses,Nice-to-Have,core,"Speculative — AI or gamification, needs your call",Super Admin › AI & Automation
Admissions & Front Office,Admissions,Enquiries,24/7 Admission Chatbot,"Configure web widget chatbot to answer tuition queries, syllabus details, and capture leads.",Assigned institution/campus,Nice-to-Have,optional,"Speculative — AI or gamification, needs your call",Admissions & Front Office › Enquiries
Admissions & Front Office,Admissions,Enquiries,AI Voice Agent Integration,Automate outbound AI voice agent calls to confirm entrance exam attendance or follow up.,Assigned institution/campus,Nice-to-Have,optional,"Speculative — AI or gamification, needs your call",Admissions & Front Office › Enquiries
Parent / Guardian,Profile,Profile,Parent App Biometric Lock (Face ID / Fingerprint),Allow parents to secure mobile app access using smartphone hardware biometric authentication.,Specific student,Should-Have,optional,Blocked — needs hardware or a vendor contract,Parent › Profile
Super Admin,Platform Setup,Statutory & Boards,DigiLocker Issuer Integration,"Register as a DigiLocker issuer and push transfer certificates, report cards and mark sheets as verifiable documents.",All institutions / all campuses,Must-Have,advanced,Blocked — needs hardware or a vendor contract,Super Admin › Statutory & Boards
Accounts & Finance,Fees,Collections,Cashless Campus Wallet,Manage student smart card balances for cashless purchases in school canteen and store.,Assigned campus,Must-Have,core,Blocked — needs hardware or a vendor contract,Accounts & Finance › Collections
Institution Admin / Principal,Operations,Transport,AIS-140 Telematics & VAHAN Compliance,"Register AIS-140 certified GPS units per vehicle, ingest NavIC position and panic-button events, monitor tamper and offline buffering, and evidence the VAHAN transmission MoRTH requires.",Assigned campus,Nice-to-Have,advanced,Blocked — needs hardware or a vendor contract,Institution Admin › Transport
Institution Admin / Principal,Operations,Transport,Fuel Sensor & Mileage Telematics,Integrate digital fuel tank sensors to detect fuel theft and track real-time bus mileage.,Assigned campus,Should-Have,optional,Blocked — needs hardware or a vendor contract,Institution Admin › Transport
Institution Admin / Principal,Operations,Transport,Real-time Vehicle Tracking (VTS),"View live GPS map of moving school buses, current speed, route adherence, and delay alerts.",Assigned campus,Should-Have,core,Blocked — needs hardware or a vendor contract,Institution Admin › Transport
Institution Admin / Principal,Operations,Transport,Seatbelt & CCTV Video Streaming,Stream live in-bus CCTV video feeds to transport admin dashboards for safety monitoring.,Assigned campus,Must-Have,optional,Blocked — needs hardware or a vendor contract,Institution Admin › Transport
Super Admin,Platform Setup,Payments & Devices,Biometric Device Integration,"Connect biometric fingerprint, facial recognition, and RFID hardware machines via IP/Webhooks.",All institutions / all campuses,Must-Have,advanced,Blocked — needs hardware or a vendor contract,Super Admin › Payments & Devices
Super Admin,Platform Setup,Payments & Devices,GPS Hardware Integration,"Configure bus GPS tracker hardware protocols, IMEI mapping, and refresh intervals.",All institutions / all campuses,Must-Have,core,Blocked — needs hardware or a vendor contract,Super Admin › Payments & Devices
Super Admin,Platform Setup,Payments & Devices,Payment Gateway Connectors,"Manage credentials for Razorpay, Paytm, CCAvenue, BillDesk, Easebuzz, and CCAvenue.",All institutions / all campuses,Must-Have,core,Blocked — needs hardware or a vendor contract,Super Admin › Payments & Devices
Faculty / Teacher,My Classes,My Classes,Montessori & Early Years Tracking,"Log developmental milestones, sensory skills, motor skills, and social behavior observations.",Assigned classes/subjects,Should-Have,advanced,Blocked — needs hardware or a vendor contract,Faculty › My Classes
Faculty / Teacher,Assessments,Question Papers & Online Tests,No-OMR Exam Grading,Input digital answer keys or scan sheets directly in browser without specialized OMR hardware.,Assigned classes/subjects,Must-Have,advanced,Blocked — needs hardware or a vendor contract,Faculty › Question Papers & Online Tests
Super Admin,Platform Setup,Messaging,SMS Gateway Integration,"Configure gateway API credentials, sender IDs, DLTI templates, and SMS delivery logs.",All institutions / all campuses,Must-Have,core,Blocked — needs hardware or a vendor contract,Super Admin › Messaging
Super Admin,Platform Setup,Messaging,WhatsApp API Integration,"Connect WhatsApp Business API, manage template approvals, automated triggers, and delivery logs.",All institutions / all campuses,Must-Have,core,Blocked — needs hardware or a vendor contract,Super Admin › Messaging
Accounts & Finance,Fees,Student Dues,Automated Fee Reminders,"Schedule automated WhatsApp, SMS, and app push reminders to parents of defaulter students.",Assigned institution/campus,Must-Have,core,Blocked — needs hardware or a vendor contract,Accounts & Finance › Student Dues
Faculty / Teacher,My Classes,Attendance,Absence Alert to Guardian,"Trigger an SMS or WhatsApp alert to guardians when a student is marked absent, within the configured window.",Assigned classes/subjects,Must-Have,core,Blocked — needs hardware or a vendor contract,Faculty › Attendance
HR & Payroll,Attendance & Leave,Attendance,Biometric Machine Attendance Sync,Real-time automated fetch of staff check-in/out logs from biometric hardware.,Assigned institution/campus,Must-Have,advanced,Blocked — needs hardware or a vendor contract,HR & Payroll › Attendance
HR & Payroll,Attendance & Leave,Attendance,Biometric Punch In/Out Grace Period,Configure 10-minute grace windows for morning staff check-in before triggering late mark deductions.,Assigned institution/campus,Must-Have,advanced,Blocked — needs hardware or a vendor contract,HR & Payroll › Attendance
Parent / Guardian,Transport,Alerts & Preferences,Parent App Live Bus Tracking Refresh Rate Customizer,"Select bus GPS map refresh frequency (e.g., 5 seconds vs 15 seconds) to save mobile battery.",Specific student,Should-Have,optional,Blocked — needs hardware or a vendor contract,Parent › Alerts & Preferences
Parent / Guardian,Transport,Alerts & Preferences,Real-time School Bus Live Video Feed Access,Permit authorized parents to view 15-second live video camera check-ins of child's bus during transit.,Specific student,Must-Have,optional,Blocked — needs hardware or a vendor contract,Parent › Alerts & Preferences
Super Admin,Platform Configuration,Platform Configuration,Integrations,"Configure payment gateway, email/SMS/WhatsApp, biometric devices, Google/Microsoft and other connectors.",All institutions / all campuses,Must-Have,core,Blocked — needs hardware or a vendor contract,Super Admin › Platform Configuration
Admissions & Front Office,Admissions,Enquiries,Multi-Touch Campaign Sequences,"Trigger automated follow-up SMS, WhatsApp messages, and email drip sequences to leads.",Assigned institution/campus,Must-Have,advanced,Blocked — needs hardware or a vendor contract,Admissions & Front Office › Enquiries
Admissions & Front Office,Front Desk,Gate Security,Gate RFID Entry Management,Monitor real-time student/staff gate scans for late arrivals or early departures.,Assigned institution/campus,Must-Have,optional,Blocked — needs hardware or a vendor contract,Admissions & Front Office › Gate Security
Institution Admin / Principal,Operations,Library,Digital E-Book & Journal Integration,"Provide single-sign-on access to digital libraries like EBSCO, JSTOR, and e-books.",Assigned campus,Must-Have,core,Blocked — needs hardware or a vendor contract,Institution Admin › Library
Parent / Guardian,Requests,Documents,DigiLocker Document Pull,Fetch the child's school-issued certificates and mark sheets directly into the parent's DigiLocker.,Specific student,Must-Have,advanced,Blocked — needs hardware or a vendor contract,Parent › Documents
Student,Profile,Profile,Digital Student ID Card NFC Tap Pass,Use smartphone NFC or Apple/Google Wallet pass for school gate entry and library book checkouts.,Specific student,Must-Have,optional,Blocked — needs hardware or a vendor contract,Student › Profile
